product_name,category,brand,price,cost,created_at,updated_at
Exercitationem,Personal Care,ITC,310.55,208.05,2026-08-25 11:09:59,2026-09-20 21:41:50.722596
In,Home Care,Himalaya,872.66,597.89,2025-05-27 17:18:44,2026-09-20 21:41:50.722664
Optio,Beverages,Nestle,1508.41,1159.78,2026-09-18 13:26:13,2026-09-20 21:41:50.722732
Repudiandae,Personal Care,Britannia,587.63,469.07,2025-12-05 21:15:30,2026-09-20 21:41:50.722814
Veniam,Home Care,Britannia,1552.33,803.92,2026-09-19 08:29:37,2026-09-20 21:41:50.722875
Iusto,Beverages,Nestle,1103.61,625.03,2024-11-23 10:00:36,2026-09-20 21:41:50.722918
Voluptatum,Beverages,Britannia,1042.54,600.8,2026-09-03 15:21:39,2026-09-20 21:41:50.722957
A,Home Care,Tata,846.96,493.12,2025-07-16 22:48:06,2026-09-20 21:41:50.722993
Facere,Grocery,ITC,331.15,195.74,2025-10-04 09:08:34,2026-09-20 21:41:50.723027
Laudantium,Personal Care,Britannia,516.59,331.17,2025-10-15 01:31:16,2026-09-20 21:41:50.723062
Tempora,Home Care,Britannia,1712.57,1246.26,2024-09-29 20:13:51,2026-09-20 21:41:50.723104
Itaque,Grocery,Britannia,1894.77,1503.49,2024-10-14 09:17:24,2026-09-20 21:41:50.723140
A,Food,ITC,34.38,27.13,2026-06-25 04:34:36,2026-09-20 21:41:50.723174
A,Home Care,Tata Tea,63.44,39.69,2025-10-12 16:45:17,2026-09-20 21:41:50.723208
Ullam,Beverages,Himalaya,915.76,465.87,2026-02-23 03:19:13,2026-09-20 21:41:50.723241
Praesentium,Grocery,Himalaya,255.97,155.24,2025-08-30 17:38:42,2026-09-20 21:41:50.723275
Dolore,Grocery,Britannia,1213.31,642.97,2026-05-08 21:38:54,2026-09-20 21:41:50.723308
Voluptates,Home Care,Nestle,988.23,564.2,2026-06-17 08:45:23,2026-09-20 21:41:50.723341
Inventore,Grocery,Himalaya,128.0,82.62,2024-11-28 08:20:02,2026-09-20 21:41:50.723375
Provident,Beverages,Tata,475.04,274.66,2024-10-15 16:37:40,2026-09-20 21:41:50.723409
Nam,Beverages,Tata Tea,361.8,271.65,2025-09-11 07:49:13,2026-09-20 21:41:50.723442
Cupiditate,Personal Care,Tata Tea,1297.55,723.49,2024-11-12 20:19:48,2026-09-20 21:41:50.723500
Suscipit,Beverages,Tata Tea,1573.83,1110.11,2026-01-16 04:23:04,2026-09-20 21:41:50.723567
Sit,Food,Nestle,923.67,592.46,2025-01-01 07:14:48,2026-09-20 21:41:50.723634
Quam,Grocery,Tata,1663.13,846.37,2025-02-22 22:17:37,2026-09-20 21:41:50.723698
Qui,Food,Nestle,589.68,360.41,2025-10-29 22:01:46,2026-09-20 21:41:50.723765
Numquam,Food,Britannia,1243.37,626.04,2025-06-29 04:03:14,2026-09-20 21:41:50.723833
Reprehenderit,Food,Nestle,1207.89,785.32,2024-11-25 11:16:41,2026-09-20 21:41:50.723899
Quos,Home Care,Britannia,1614.42,1032.74,2026-08-07 12:44:00,2026-09-20 21:41:50.723948
Fugit,Home Care,Britannia,1579.14,1017.21,2026-08-05 05:29:53,2026-09-20 21:41:50.723985
Earum,Home Care,Tata,322.07,248.74,2024-12-18 20:17:59,2026-09-20 21:41:50.724019
Omnis,Grocery,Nestle,209.25,131.44,2026-06-24 00:21:11,2026-09-20 21:41:50.724053
Earum,Beverages,Britannia,1936.98,1343.26,2026-08-19 18:14:15,2026-09-20 21:41:50.724093
Illo,Beverages,Tata,740.84,560.17,2026-04-17 02:04:20,2026-09-20 21:41:50.724127
Molestias,Food,ITC,900.03,633.19,2024-10-14 23:01:58,2026-09-20 21:41:50.724161
Recusandae,Personal Care,ITC,786.26,615.62,2024-11-21 21:18:17,2026-09-20 21:41:50.724195
Odit,Grocery,ITC,1600.39,1212.18,2025-04-09 00:48:51,2026-09-20 21:41:50.724228
Odio,Personal Care,Tata Tea,393.86,301.33,2026-02-11 02:54:41,2026-09-20 21:41:50.724260
Incidunt,Personal Care,Tata,1582.04,1216.75,2026-05-13 21:52:15,2026-09-20 21:41:50.724293
Accusamus,Food,Himalaya,1784.45,1202.9,2026-05-18 08:00:43,2026-09-20 21:41:50.724327
Illo,Grocery,ITC,48.09,28.76,2026-06-01 00:56:29,2026-09-20 21:41:50.724360
Quo,Beverages,Himalaya,680.77,434.06,2025-12-01 14:27:21,2026-09-20 21:41:50.724396
Harum,Grocery,Tata Tea,1148.31,633.57,2025-10-26 18:17:13,2026-09-20 21:41:50.724428
Distinctio,Food,Himalaya,1373.29,764.15,2025-06-26 14:36:48,2026-09-20 21:41:50.724462
Quasi,Grocery,Himalaya,944.66,587.11,2026-04-15 03:28:13,2026-09-20 21:41:50.724494
Consequuntur,Grocery,ITC,571.59,337.9,2025-11-19 11:07:39,2026-09-20 21:41:50.724526
Earum,Home Care,Britannia,190.53,117.14,2024-11-06 07:09:27,2026-09-20 21:41:50.724559
Officiis,Personal Care,Tata,1317.41,678.62,2025-11-23 03:33:00,2026-09-20 21:41:50.724593
Tempora,Grocery,Tata,1152.94,892.35,2026-08-14 00:56:05,2026-09-20 21:41:50.724625
Commodi,Grocery,Tata,1693.7,968.51,2025-03-09 12:38:07,2026-09-20 21:41:50.724657
Earum,Beverages,Himalaya,807.17,577.24,2026-01-02 03:59:34,2026-09-20 21:41:50.724689
Inventore,Home Care,Nestle,26.26,16.68,2026-09-16 01:09:26,2026-09-20 21:41:50.724721
Esse,Grocery,Tata,944.17,543.91,2025-01-11 06:58:22,2026-09-20 21:41:50.724754
Rem,Food,Britannia,77.41,49.13,2025-03-01 07:16:11,2026-09-20 21:41:50.724788
Temporibus,Beverages,Tata,1424.16,820.36,2025-02-01 11:13:23,2026-09-20 21:41:50.724821
Odio,Beverages,Himalaya,720.16,441.27,2025-07-01 14:00:43,2026-09-20 21:41:50.724854
Reprehenderit,Grocery,Nestle,61.74,45.8,2025-11-21 21:43:44,2026-09-20 21:41:50.724886
Placeat,Food,Himalaya,1931.1,1154.9,2025-08-12 12:26:04,2026-09-20 21:41:50.724920
Debitis,Grocery,Tata,1633.23,1286.62,2025-08-13 07:13:32,2026-09-20 21:41:50.724953
Voluptates,Personal Care,Nestle,1574.52,900.47,2024-10-28 12:09:48,2026-09-20 21:41:50.724985
Sint,Personal Care,ITC,1963.35,1309.77,2024-09-22 16:46:25,2026-09-20 21:41:50.725017
Tempore,Food,Himalaya,1882.22,1329.72,2024-10-31 04:28:53,2026-09-20 21:41:50.725050
Illum,Food,Britannia,1366.67,829.58,2024-11-12 00:32:53,2026-09-20 21:41:50.725082
Praesentium,Home Care,Nestle,1746.04,944.42,2026-04-13 01:32:50,2026-09-20 21:41:50.725116
Voluptatem,Personal Care,ITC,1306.51,806.6,2025-11-19 17:00:47,2026-09-20 21:41:50.725149
Ut,Grocery,Britannia,897.32,611.91,2025-08-31 21:54:29,2026-09-20 21:41:50.725182
Sequi,Beverages,Nestle,1425.26,931.93,2025-01-08 01:00:07,2026-09-20 21:41:50.725218
Quam,Home Care,Britannia,404.33,305.05,2026-06-06 12:34:30,2026-09-20 21:41:50.725250
Voluptas,Personal Care,Himalaya,1274.69,775.81,2024-11-10 10:34:07,2026-09-20 21:41:50.725283
Deserunt,Beverages,Britannia,213.92,157.85,2025-06-19 13:52:35,2026-09-20 21:41:50.725315
Deserunt,Grocery,Tata Tea,1696.73,1258.75,2025-11-27 12:07:09,2026-09-20 21:41:50.725347
Accusamus,Personal Care,Himalaya,1693.42,996.59,2025-04-09 04:57:06,2026-09-20 21:41:50.725380
Nihil,Personal Care,Tata Tea,603.62,447.25,2025-07-26 19:01:45,2026-09-20 21:41:50.725413
Occaecati,Food,Tata Tea,1620.74,973.92,2025-09-11 05:34:25,2026-09-20 21:41:50.725445
Recusandae,Personal Care,ITC,1348.2,889.94,2025-12-20 21:18:24,2026-09-20 21:41:50.725534
Neque,Grocery,Himalaya,954.3,561.34,2024-11-02 22:09:20,2026-09-20 21:41:50.725566
Quod,Home Care,ITC,1349.29,702.1,2026-01-31 20:43:41,2026-09-20 21:41:50.725598
Suscipit,Grocery,Tata,1175.01,643.73,2026-01-22 03:15:59,2026-09-20 21:41:50.725632
Dicta,Food,Tata,1347.36,1009.05,2025-10-18 19:11:12,2026-09-20 21:41:50.725664
Dicta,Personal Care,Tata Tea,1679.17,931.36,2025-02-09 16:52:19,2026-09-20 21:41:50.725696
Molestias,Beverages,ITC,1955.72,1276.86,2026-08-10 02:06:28,2026-09-20 21:41:50.725728
Atque,Beverages,Nestle,1729.28,909.68,2026-01-27 11:15:22,2026-09-20 21:41:50.725760
Maiores,Personal Care,Nestle,1140.69,692.54,2025-05-23 14:24:40,2026-09-20 21:41:50.725792
Illum,Grocery,Tata,1181.47,811.21,2026-03-31 17:53:00,2026-09-20 21:41:50.725825
Ullam,Home Care,Britannia,64.03,44.22,2025-12-04 00:43:20,2026-09-20 21:41:50.725857
Perferendis,Personal Care,Tata Tea,517.22,293.36,2026-07-11 21:57:08,2026-09-20 21:41:50.725889
Odit,Home Care,ITC,1782.94,1212.64,2026-07-27 17:54:39,2026-09-20 21:41:50.725921
Soluta,Beverages,Himalaya,1817.0,1320.58,2026-07-24 20:03:13,2026-09-20 21:41:50.725953
Minima,Personal Care,Nestle,570.78,428.92,2026-02-22 12:54:53,2026-09-20 21:41:50.725985
Dolor,Home Care,Tata Tea,1664.92,1266.36,2025-10-11 19:17:17,2026-09-20 21:41:50.726018
Laudantium,Personal Care,Britannia,716.11,398.34,2026-01-29 06:37:53,2026-09-20 21:41:50.726052
Reiciendis,Beverages,Tata Tea,905.89,679.47,2026-04-14 19:51:51,2026-09-20 21:41:50.726090
Nesciunt,Food,Tata,501.59,352.14,2026-02-26 02:16:53,2026-09-20 21:41:50.726124
Sit,Beverages,Tata,554.77,440.61,2025-11-16 09:55:07,2026-09-20 21:41:50.726157
Debitis,Home Care,Tata Tea,1560.49,973.1,2025-11-26 13:39:28,2026-09-20 21:41:50.726189
Magni,Food,Britannia,1730.42,961.63,2025-09-27 14:40:53,2026-09-20 21:41:50.726221
Et,Beverages,Nestle,496.97,355.31,2025-09-07 01:03:11,2026-09-20 21:41:50.726253
Alias,Beverages,Tata,472.2,343.03,2024-11-19 08:38:17,2026-09-20 21:41:50.726285
Beatae,Beverages,Tata Tea,1053.18,641.5,2025-12-06 10:53:09,2026-09-20 21:41:50.726317
Est,Food,Tata Tea,570.27,352.03,2025-08-20 11:16:30,2026-09-20 21:41:50.726348
In,Personal Care,ITC,445.93,315.48,2025-01-02 06:39:12,2026-09-20 21:41:50.726380
In,Beverages,Himalaya,1228.17,692.54,2025-09-14 17:56:44,2026-09-20 21:41:50.726412
Reiciendis,Grocery,Nestle,1633.28,937.18,2025-06-15 11:18:48,2026-09-20 21:41:50.726444
Cum,Personal Care,Tata,949.88,621.77,2026-05-09 12:24:15,2026-09-20 21:41:50.726475
Sapiente,Home Care,Britannia,982.2,618.28,2025-06-22 20:49:54,2026-09-20 21:41:50.726508
Dolores,Beverages,Nestle,1818.98,1146.43,2025-05-26 04:32:52,2026-09-20 21:41:50.726541
Nisi,Home Care,ITC,493.58,268.74,2025-08-02 15:28:23,2026-09-20 21:41:50.726573
Dolore,Grocery,ITC,740.99,393.94,2025-05-21 19:59:50,2026-09-20 21:41:50.726605
Veritatis,Personal Care,Himalaya,279.9,184.4,2025-03-13 10:18:38,2026-09-20 21:41:50.726637
Perferendis,Beverages,Tata,1767.82,1214.64,2026-01-31 21:51:57,2026-09-20 21:41:50.726671
Debitis,Grocery,Tata,411.09,239.88,2026-02-05 04:47:46,2026-09-20 21:41:50.726703
Maiores,Beverages,Britannia,1245.54,730.68,2026-07-22 23:09:50,2026-09-20 21:41:50.726735
Eius,Food,Tata,1490.83,1167.83,2026-03-23 13:39:58,2026-09-20 21:41:50.726767
Nesciunt,Grocery,Nestle,1662.96,980.54,2024-10-25 12:27:39,2026-09-20 21:41:50.726799
Inventore,Food,Nestle,378.82,259.45,2026-07-15 18:07:04,2026-09-20 21:41:50.726831
Perferendis,Home Care,Britannia,498.32,377.63,2025-11-23 04:59:14,2026-09-20 21:41:50.726864
Occaecati,Grocery,Tata,990.66,734.47,2025-04-28 05:23:03,2026-09-20 21:41:50.726895
Maiores,Home Care,Tata Tea,330.64,192.92,2024-10-31 19:09:39,2026-09-20 21:41:50.726927
Nostrum,Beverages,ITC,1341.78,1064.39,2024-10-19 14:34:26,2026-09-20 21:41:50.726959
Modi,Beverages,Britannia,1736.21,1143.52,2025-09-03 03:06:50,2026-09-20 21:41:50.726991
Accusamus,Grocery,Nestle,1137.73,791.04,2025-10-03 06:16:32,2026-09-20 21:41:50.727025
Dolore,Home Care,Himalaya,1310.24,1022.14,2026-01-29 07:05:33,2026-09-20 21:41:50.727057
Odio,Home Care,Himalaya,1657.24,1148.31,2026-01-30 09:33:27,2026-09-20 21:41:50.727093
Ipsum,Personal Care,Nestle,1528.76,971.18,2024-12-24 10:39:15,2026-09-20 21:41:50.727155
Esse,Grocery,Himalaya,1637.99,1192.61,2024-12-18 07:52:11,2026-09-20 21:41:50.727237
Earum,Beverages,Tata Tea,153.69,122.52,2026-03-28 04:18:10,2026-09-20 21:41:50.727282
Sunt,Personal Care,Tata,1849.45,1432.11,2025-06-18 23:54:47,2026-09-20 21:41:50.727317
Ratione,Grocery,Tata,863.15,486.69,2025-02-15 14:20:36,2026-09-20 21:41:50.727352
Assumenda,Beverages,Himalaya,1257.38,943.49,2026-07-02 14:44:34,2026-09-20 21:41:50.727386
Odio,Grocery,ITC,1098.44,748.77,2025-05-30 06:14:24,2026-09-20 21:41:50.727429
Quos,Home Care,Himalaya,852.83,627.41,2025-07-31 14:41:55,2026-09-20 21:41:50.727463
Illum,Personal Care,Tata Tea,179.95,124.24,2024-11-16 15:12:31,2026-09-20 21:41:50.727497
Qui,Personal Care,Britannia,1468.03,938.2,2025-06-15 13:29:30,2026-09-20 21:41:50.727531
Veniam,Grocery,Nestle,1579.51,880.9,2024-11-23 12:34:46,2026-09-20 21:41:50.727564
Doloribus,Personal Care,Tata,1777.98,902.12,2025-06-14 10:50:10,2026-09-20 21:41:50.727597
Explicabo,Food,Tata Tea,272.09,179.38,2025-05-03 02:09:19,2026-09-20 21:41:50.727632
Corporis,Home Care,ITC,531.01,269.82,2025-07-25 16:37:53,2026-09-20 21:41:50.727667
Cupiditate,Beverages,ITC,1918.07,1045.95,2025-03-12 08:15:22,2026-09-20 21:41:50.727699
Officia,Food,ITC,964.49,696.93,2026-03-20 00:17:57,2026-09-20 21:41:50.727732
Nesciunt,Food,Tata Tea,1453.06,1054.07,2025-11-18 18:04:35,2026-09-20 21:41:50.727764
Porro,Personal Care,Himalaya,525.3,309.56,2026-04-22 23:39:21,2026-09-20 21:41:50.727796
Odio,Food,Himalaya,479.68,287.64,2025-05-06 16:45:49,2026-09-20 21:41:50.727828
Vero,Personal Care,ITC,266.86,208.15,2026-02-14 07:44:48,2026-09-20 21:41:50.727860
Tempore,Grocery,ITC,1731.3,1200.3,2024-11-20 02:48:09,2026-09-20 21:41:50.727892
Laborum,Home Care,Tata,1139.63,764.29,2025-12-05 04:49:08,2026-09-20 21:41:50.727924
Aperiam,Personal Care,Tata Tea,1629.1,936.11,2025-02-26 11:11:21,2026-09-20 21:41:50.727956
Dolores,Personal Care,Tata,931.54,683.83,2025-07-08 15:54:01,2026-09-20 21:41:50.727988
Repellat,Beverages,Britannia,1214.12,842.14,2025-07-14 14:01:22,2026-09-20 21:41:50.728021
Inventore,Home Care,Tata Tea,1813.55,1240.97,2025-07-30 04:01:12,2026-09-20 21:41:50.728053
Ex,Personal Care,Tata,1064.75,754.8,2025-08-23 23:28:06,2026-09-20 21:41:50.728087
Earum,Grocery,Tata,1774.95,1377.86,2024-11-07 16:26:32,2026-09-20 21:41:50.728119
Culpa,Personal Care,Tata,1542.22,856.86,2025-07-16 12:22:53,2026-09-20 21:41:50.728156
Cum,Home Care,Britannia,938.02,690.84,2025-10-11 09:54:04,2026-09-20 21:41:50.728188
Officia,Personal Care,Nestle,1322.24,922.56,2025-12-09 04:07:16,2026-09-20 21:41:50.728221
Nostrum,Home Care,Britannia,1458.25,798.21,2026-02-19 15:33:15,2026-09-20 21:41:50.728253
Id,Beverages,ITC,901.13,565.06,2025-11-17 02:04:25,2026-09-20 21:41:50.728285
Doloremque,Grocery,Tata Tea,1058.03,758.01,2024-10-27 11:22:00,2026-09-20 21:41:50.728318
Veniam,Grocery,Britannia,193.33,108.3,2026-07-18 04:48:56,2026-09-20 21:41:50.728372
Quae,Food,Nestle,960.39,627.42,2026-03-17 20:27:17,2026-09-20 21:41:50.728406
Suscipit,Home Care,Nestle,829.39,602.46,2025-10-05 07:15:11,2026-09-20 21:41:50.728440
Perspiciatis,Grocery,Tata,1188.06,605.67,2026-08-22 20:20:50,2026-09-20 21:41:50.728478
Eum,Food,Himalaya,88.09,64.22,2026-03-14 05:12:54,2026-09-20 21:41:50.728511
Sequi,Home Care,Britannia,152.16,79.06,2025-03-16 20:59:31,2026-09-20 21:41:50.728543
Vel,Home Care,Tata,343.19,185.83,2026-09-05 19:19:57,2026-09-20 21:41:50.728576
Culpa,Beverages,Nestle,1946.42,1126.12,2026-08-20 23:00:39,2026-09-20 21:41:50.728608
Doloribus,Beverages,Tata,1623.9,1296.36,2025-03-24 02:08:49,2026-09-20 21:41:50.728641
Deserunt,Home Care,Himalaya,331.73,261.29,2024-11-04 19:19:19,2026-09-20 21:41:50.728674
Veniam,Personal Care,Tata Tea,651.51,352.78,2026-09-01 22:17:16,2026-09-20 21:41:50.728705
Praesentium,Personal Care,Britannia,446.27,284.45,2025-12-29 06:27:38,2026-09-20 21:41:50.728742
Officia,Grocery,ITC,71.63,39.74,2025-02-09 21:59:16,2026-09-20 21:41:50.728775
Sequi,Food,ITC,612.27,344.0,2025-02-05 08:41:19,2026-09-20 21:41:50.728807
Id,Grocery,ITC,1828.19,1311.64,2025-09-15 00:48:23,2026-09-20 21:41:50.728840
Odio,Food,Himalaya,266.46,200.36,2025-10-12 02:31:21,2026-09-20 21:41:50.728871
Minus,Home Care,Britannia,142.12,82.58,2025-10-06 02:41:23,2026-09-20 21:41:50.728905
Sit,Personal Care,Tata Tea,397.9,286.98,2025-12-07 11:04:32,2026-09-20 21:41:50.728937
Nostrum,Personal Care,Tata Tea,1856.15,1065.72,2025-03-15 19:49:15,2026-09-20 21:41:50.728970
Quas,Beverages,Tata,1686.14,1003.8,2024-12-11 17:23:07,2026-09-20 21:41:50.729002
Distinctio,Grocery,ITC,1702.05,1172.26,2026-07-20 03:23:38,2026-09-20 21:41:50.729035
Voluptatum,Food,Britannia,1622.71,1046.95,2025-09-07 12:10:19,2026-09-20 21:41:50.729067
Fugiat,Food,Himalaya,248.81,175.95,2025-10-11 21:16:10,2026-09-20 21:41:50.729099
Debitis,Personal Care,Tata Tea,1084.36,732.43,2025-10-09 18:48:38,2026-09-20 21:41:50.729131
Aperiam,Beverages,Nestle,1395.67,1069.54,2026-05-17 19:53:03,2026-09-20 21:41:50.729163
Eligendi,Food,Himalaya,140.87,98.79,2024-10-11 05:39:17,2026-09-20 21:41:50.729196
Exercitationem,Beverages,Tata Tea,538.48,422.98,2024-11-29 08:03:08,2026-09-20 21:41:50.729230
A,Home Care,Britannia,394.21,230.4,2025-03-24 07:09:18,2026-09-20 21:41:50.729262
Ratione,Personal Care,ITC,885.99,505.92,2026-05-25 13:36:47,2026-09-20 21:41:50.729295
Amet,Personal Care,Tata Tea,300.53,200.73,2026-05-28 14:14:57,2026-09-20 21:41:50.729328
Aspernatur,Personal Care,Tata,33.15,17.84,2026-06-07 22:02:30,2026-09-20 21:41:50.729360
Eligendi,Food,Tata,1309.33,843.03,2026-01-03 04:02:06,2026-09-20 21:41:50.729392
Autem,Grocery,Britannia,689.7,495.01,2026-06-27 07:00:41,2026-09-20 21:41:50.729424
Officia,Food,Britannia,1667.66,878.3,2025-09-27 19:51:35,2026-09-20 21:41:50.729456
Quam,Beverages,Tata,1450.98,836.79,2026-04-07 11:39:35,2026-09-20 21:41:50.729488
Assumenda,Food,Britannia,819.4,638.85,2025-02-24 14:35:04,2026-09-20 21:41:50.729524
Occaecati,Beverages,ITC,1813.06,1110.17,2025-02-04 17:23:45,2026-09-20 21:41:50.729556
A,Grocery,Himalaya,1037.61,690.39,2025-07-25 17:18:16,2026-09-20 21:41:50.729588
Asperiores,Personal Care,Himalaya,795.11,530.16,2026-04-30 07:45:10,2026-09-20 21:41:50.729620
Voluptatem,Grocery,Nestle,1688.47,1248.7,2026-04-17 03:54:49,2026-09-20 21:41:50.729653
Blanditiis,Beverages,ITC,1881.83,1499.06,2026-06-10 12:22:46,2026-09-20 21:41:50.729685
Maxime,Personal Care,Britannia,795.72,567.73,2026-04-19 07:44:01,2026-09-20 21:41:50.729717
Vitae,Personal Care,Himalaya,1362.62,929.54,2026-07-06 12:17:19,2026-09-20 21:41:50.729753
Nostrum,Personal Care,Britannia,1526.52,977.45,2024-11-12 04:58:57,2026-09-20 21:41:50.729786
Non,Food,Tata Tea,1081.87,615.84,2024-12-01 21:45:51,2026-09-20 21:41:50.729819
Autem,Beverages,Nestle,1479.96,1088.62,2026-07-19 20:14:22,2026-09-20 21:41:50.729852
Voluptas,Home Care,Tata Tea,1577.62,1178.61,2025-10-29 09:34:52,2026-09-20 21:41:50.729884
Quo,Beverages,ITC,1430.08,850.37,2025-04-19 23:40:46,2026-09-20 21:41:50.729916
Illum,Beverages,Tata Tea,1897.94,1193.85,2025-09-08 07:46:41,2026-09-20 21:41:50.729947
Animi,Grocery,Tata,305.25,229.21,2025-11-07 17:53:55,2026-09-20 21:41:50.729979
Corporis,Grocery,Tata Tea,1995.21,1168.1,2024-11-08 14:05:18,2026-09-20 21:41:50.730012
Cupiditate,Food,Britannia,81.17,63.88,2025-06-18 15:47:31,2026-09-20 21:41:50.730044
Quae,Home Care,Britannia,1847.22,1015.46,2026-08-18 14:54:32,2026-09-20 21:41:50.730076
Inventore,Beverages,Nestle,1981.91,1213.56,2025-12-25 01:02:03,2026-09-20 21:41:50.730110
Ab,Home Care,Nestle,895.41,450.36,2026-08-12 12:21:46,2026-09-20 21:41:50.730142
Voluptatum,Beverages,Himalaya,307.66,227.44,2025-10-10 07:51:10,2026-09-20 21:41:50.730174
Nam,Beverages,ITC,541.18,355.95,2024-11-11 13:44:47,2026-09-20 21:41:50.730206
Minus,Personal Care,Britannia,1980.54,1364.31,2025-12-15 00:31:08,2026-09-20 21:41:50.730238
Vitae,Personal Care,Tata Tea,900.17,520.66,2025-05-12 06:10:28,2026-09-20 21:41:50.730270
Repellat,Beverages,Tata Tea,905.74,718.65,2024-11-21 00:16:48,2026-09-20 21:41:50.730302
Aut,Food,Nestle,117.84,77.7,2025-06-11 12:46:01,2026-09-20 21:41:50.730334
Nisi,Grocery,Himalaya,650.52,482.57,2025-11-13 13:21:22,2026-09-20 21:41:50.730366
Praesentium,Food,Nestle,105.06,73.88,2025-02-20 17:33:37,2026-09-20 21:41:50.730398
Assumenda,Home Care,Himalaya,543.8,276.98,2025-07-02 23:58:31,2026-09-20 21:41:50.730449
Vitae,Grocery,ITC,1371.38,770.94,2025-06-28 22:15:28,2026-09-20 21:41:50.730483
Nesciunt,Personal Care,Himalaya,1698.99,955.02,2026-09-17 11:38:30,2026-09-20 21:41:50.730515
Dolorem,Beverages,ITC,217.23,137.29,2026-04-19 05:20:08,2026-09-20 21:41:50.730547
Animi,Food,Britannia,352.14,225.44,2025-08-20 22:15:43,2026-09-20 21:41:50.730580
Dolores,Personal Care,Nestle,934.52,638.18,2025-01-20 14:22:54,2026-09-20 21:41:50.730611
Ullam,Grocery,Himalaya,1545.6,1065.57,2025-04-03 22:47:09,2026-09-20 21:41:50.730644
Modi,Grocery,Nestle,723.6,494.61,2026-05-08 08:04:31,2026-09-20 21:41:50.730676
Dolore,Personal Care,Britannia,1388.81,1102.46,2025-03-04 19:50:59,2026-09-20 21:41:50.730708
Sint,Personal Care,Nestle,461.97,310.52,2026-05-07 06:15:49,2026-09-20 21:41:50.730745
Nobis,Food,Tata,1139.93,636.17,2025-11-23 03:57:15,2026-09-20 21:41:50.730777
Dignissimos,Home Care,Himalaya,1032.52,584.89,2025-06-16 09:22:03,2026-09-20 21:41:50.730810
Modi,Home Care,Nestle,584.08,374.01,2025-06-14 15:13:02,2026-09-20 21:41:50.730842
Odit,Personal Care,Britannia,1976.11,1321.73,2025-08-31 02:00:08,2026-09-20 21:41:50.730876
Fugiat,Beverages,Britannia,571.29,301.8,2025-05-19 03:35:57,2026-09-20 21:41:50.730908
Amet,Food,Himalaya,1870.91,1032.46,2025-04-26 07:52:22,2026-09-20 21:41:50.730940
Harum,Food,Nestle,1759.04,1098.08,2026-01-11 03:18:55,2026-09-20 21:41:50.730972
Explicabo,Beverages,Himalaya,1004.61,614.92,2025-09-06 03:58:42,2026-09-20 21:41:50.731004
Consequuntur,Home Care,Himalaya,1514.78,1110.96,2026-02-18 05:51:01,2026-09-20 21:41:50.731037
Molestiae,Grocery,Tata Tea,407.56,216.88,2026-01-27 10:22:50,2026-09-20 21:41:50.731069
Pariatur,Home Care,Britannia,363.11,207.22,2026-03-10 04:17:32,2026-09-20 21:41:50.731102
Tempore,Home Care,Nestle,478.16,261.67,2024-12-18 11:14:51,2026-09-20 21:41:50.731134
Qui,Grocery,Tata,83.78,48.02,2026-08-14 03:04:53,2026-09-20 21:41:50.731166
Expedita,Home Care,Himalaya,1162.42,761.4,2025-03-12 18:43:08,2026-09-20 21:41:50.731198
Eligendi,Grocery,Britannia,1419.84,1033.18,2026-07-12 05:26:21,2026-09-20 21:41:50.731231
Velit,Personal Care,ITC,811.89,428.43,2024-12-23 12:15:33,2026-09-20 21:41:50.731263
Voluptas,Grocery,ITC,1074.88,738.43,2025-07-16 04:20:03,2026-09-20 21:41:50.731295
Autem,Grocery,Tata,523.47,383.03,2025-02-02 10:53:38,2026-09-20 21:41:50.731330
Suscipit,Beverages,Tata Tea,1781.39,1093.2,2025-06-28 11:36:29,2026-09-20 21:41:50.731362
Repudiandae,Beverages,Himalaya,26.85,18.67,2025-02-02 00:50:44,2026-09-20 21:41:50.731394
Nihil,Food,Britannia,1014.56,540.86,2025-03-15 01:02:20,2026-09-20 21:41:50.731427
Est,Food,ITC,151.58,113.27,2025-12-29 14:18:49,2026-09-20 21:41:50.731459
Odio,Personal Care,Britannia,792.63,517.39,2025-08-04 02:32:45,2026-09-20 21:41:50.731491
Blanditiis,Home Care,Tata,425.75,220.91,2025-07-24 20:36:50,2026-09-20 21:41:50.731524
Fuga,Grocery,Nestle,970.54,699.75,2024-12-28 09:14:01,2026-09-20 21:41:50.731556
Porro,Grocery,Tata Tea,520.55,269.9,2025-03-27 10:14:42,2026-09-20 21:41:50.731591
Quo,Beverages,Tata Tea,1561.87,1233.69,2026-05-25 03:49:36,2026-09-20 21:41:50.731623
Doloremque,Food,ITC,619.23,389.83,2025-01-04 19:10:40,2026-09-20 21:41:50.731655
Iure,Personal Care,Tata,994.92,515.53,2026-09-11 02:39:33,2026-09-20 21:41:50.731687
Blanditiis,Beverages,Britannia,1654.78,1108.66,2024-10-12 13:00:26,2026-09-20 21:41:50.731720
Rem,Beverages,Tata,83.11,59.15,2025-07-14 01:34:29,2026-09-20 21:41:50.731755
Ipsum,Beverages,ITC,1212.35,862.49,2026-08-20 08:28:36,2026-09-20 21:41:50.731789
Veniam,Home Care,Tata,1241.27,816.34,2024-11-23 22:48:05,2026-09-20 21:41:50.731822
Qui,Food,Tata,127.42,101.51,2026-06-20 16:19:10,2026-09-20 21:41:50.731854
Doloribus,Personal Care,Nestle,960.3,583.08,2025-05-27 02:19:25,2026-09-20 21:41:50.731887
Distinctio,Food,ITC,1729.5,1281.05,2025-08-12 21:24:20,2026-09-20 21:41:50.731920
Nulla,Personal Care,Tata,275.75,175.31,2025-09-06 09:08:37,2026-09-20 21:41:50.731952
Dolor,Home Care,Britannia,749.54,444.43,2025-05-19 20:12:09,2026-09-20 21:41:50.731984
Dicta,Personal Care,Himalaya,133.99,84.4,2025-01-08 03:23:53,2026-09-20 21:41:50.732021
Molestias,Food,Himalaya,854.31,444.82,2025-05-20 23:26:43,2026-09-20 21:41:50.732060
Ab,Home Care,Nestle,1794.42,1181.71,2024-11-24 14:07:11,2026-09-20 21:41:50.732092
Error,Grocery,ITC,1930.7,1372.52,2025-02-04 07:41:48,2026-09-20 21:41:50.732125
Delectus,Home Care,Britannia,142.0,107.28,2024-12-16 16:28:24,2026-09-20 21:41:50.732158
Debitis,Grocery,Tata Tea,1185.11,697.31,2026-01-30 07:30:01,2026-09-20 21:41:50.732192
Eius,Home Care,ITC,515.46,292.98,2026-04-10 02:12:12,2026-09-20 21:41:50.732224
Deleniti,Food,ITC,475.33,244.75,2025-04-24 20:36:25,2026-09-20 21:41:50.732257
Tempore,Personal Care,ITC,277.58,161.32,2024-11-09 00:36:13,2026-09-20 21:41:50.732289
Saepe,Home Care,Himalaya,436.54,343.7,2025-09-03 04:23:14,2026-09-20 21:41:50.732321
Natus,Personal Care,Britannia,1310.67,939.71,2025-01-30 01:04:49,2026-09-20 21:41:50.732353
Optio,Beverages,Britannia,445.17,254.83,2025-10-01 05:49:40,2026-09-20 21:41:50.732385
Maxime,Food,Himalaya,1150.79,578.31,2024-11-30 02:29:05,2026-09-20 21:41:50.732417
Sit,Beverages,Tata,969.37,652.96,2026-05-21 13:08:11,2026-09-20 21:41:50.732449
Eius,Grocery,Tata,1950.2,1445.74,2026-05-23 15:16:49,2026-09-20 21:41:50.732481
Iste,Beverages,Tata Tea,491.96,291.71,2026-04-18 13:54:47,2026-09-20 21:41:50.732512
Quibusdam,Beverages,Tata,684.88,413.38,2024-09-26 14:54:12,2026-09-20 21:41:50.732545
Aliquam,Personal Care,Britannia,1281.5,849.11,2024-10-25 09:38:27,2026-09-20 21:41:50.732577
Earum,Food,ITC,1954.2,1090.87,2025-10-18 21:14:02,2026-09-20 21:41:50.732609
Consequuntur,Food,Tata Tea,1113.28,626.1,2024-09-26 11:00:47,2026-09-20 21:41:50.732642
Architecto,Home Care,Nestle,626.97,438.52,2025-11-16 10:37:49,2026-09-20 21:41:50.732674
Laudantium,Home Care,Tata,1922.15,1532.96,2025-12-21 21:37:35,2026-09-20 21:41:50.732706
Asperiores,Home Care,Tata,858.28,466.34,2025-04-21 05:17:21,2026-09-20 21:41:50.732738
Natus,Personal Care,Britannia,1314.32,667.4,2024-10-08 04:58:12,2026-09-20 21:41:50.732771
Possimus,Personal Care,Britannia,1223.26,949.0,2025-02-16 19:48:48,2026-09-20 21:41:50.732803
Voluptatum,Home Care,Himalaya,834.02,633.8,2024-09-22 10:58:59,2026-09-20 21:41:50.732836
Architecto,Food,Britannia,707.36,461.88,2026-09-05 06:33:22,2026-09-20 21:41:50.732869
Qui,Personal Care,Tata,1435.45,740.64,2025-06-03 17:54:59,2026-09-20 21:41:50.732900
Beatae,Personal Care,Britannia,1732.22,1331.86,2024-12-05 05:57:57,2026-09-20 21:41:50.732933
Ea,Beverages,ITC,1471.15,1143.06,2025-09-23 15:12:42,2026-09-20 21:41:50.732966
Optio,Food,ITC,1761.8,1296.79,2026-01-06 20:24:40,2026-09-20 21:41:50.733002
Placeat,Home Care,Himalaya,1148.36,879.35,2025-10-13 22:43:07,2026-09-20 21:41:50.733034
Illo,Grocery,Britannia,840.53,560.72,2026-01-11 04:02:22,2026-09-20 21:41:50.733066
Ipsam,Home Care,Tata Tea,959.05,538.37,2026-04-18 06:58:43,2026-09-20 21:41:50.733099
Necessitatibus,Beverages,ITC,1852.03,1096.64,2024-11-13 08:58:00,2026-09-20 21:41:50.733131
Maiores,Home Care,ITC,1163.31,716.94,2026-09-16 13:40:09,2026-09-20 21:41:50.733163
Optio,Beverages,ITC,1295.23,1020.43,2024-09-25 22:47:41,2026-09-20 21:41:50.733195
Vel,Food,Tata Tea,1376.17,695.53,2025-06-12 17:09:05,2026-09-20 21:41:50.733227
Ad,Beverages,Britannia,909.11,559.64,2026-01-17 14:20:05,2026-09-20 21:41:50.733259
Veritatis,Food,Tata,1927.63,1511.37,2025-01-18 19:55:07,2026-09-20 21:41:50.733291
Animi,Food,Tata,105.03,77.7,2026-01-31 07:56:36,2026-09-20 21:41:50.733323
Explicabo,Beverages,Himalaya,420.55,299.36,2024-12-05 03:44:55,2026-09-20 21:41:50.733357
Eius,Personal Care,ITC,1268.05,739.6,2024-12-03 12:07:25,2026-09-20 21:41:50.733390
Sunt,Food,Tata Tea,1455.9,1150.78,2026-07-30 13:52:14,2026-09-20 21:41:50.733422
Numquam,Grocery,ITC,289.58,229.55,2025-08-26 03:21:05,2026-09-20 21:41:50.733454
Odit,Grocery,ITC,49.17,32.66,2025-11-14 12:21:06,2026-09-20 21:41:50.733487
Ipsa,Beverages,Britannia,632.35,444.7,2025-11-11 01:20:31,2026-09-20 21:41:50.733519
Eveniet,Personal Care,Britannia,551.66,286.02,2025-06-18 06:50:16,2026-09-20 21:41:50.733552
Hic,Grocery,ITC,498.87,323.43,2026-04-21 20:07:35,2026-09-20 21:41:50.733585
Sed,Food,Himalaya,1264.37,991.87,2024-11-22 00:23:20,2026-09-20 21:41:50.733617
Tenetur,Grocery,Nestle,907.21,724.75,2026-09-01 03:44:40,2026-09-20 21:41:50.733653
Sint,Food,ITC,389.07,286.32,2025-04-13 01:35:49,2026-09-20 21:41:50.733689
Earum,Personal Care,ITC,1952.64,1193.35,2026-03-10 09:51:02,2026-09-20 21:41:50.733721
Quo,Food,ITC,542.14,356.27,2025-06-18 07:29:06,2026-09-20 21:41:50.733753
Ratione,Home Care,Himalaya,1836.78,1187.34,2025-05-06 12:37:39,2026-09-20 21:41:50.733785
Qui,Grocery,Tata Tea,1009.93,588.36,2024-10-19 16:18:49,2026-09-20 21:41:50.733817
Quidem,Food,Himalaya,1714.48,1295.2,2025-04-21 17:51:38,2026-09-20 21:41:50.733849
Culpa,Personal Care,Himalaya,642.68,345.79,2024-10-26 23:30:37,2026-09-20 21:41:50.733881
Animi,Food,Britannia,815.29,469.25,2025-08-01 11:24:14,2026-09-20 21:41:50.733913
Repudiandae,Grocery,Britannia,1409.11,908.36,2025-07-23 00:55:57,2026-09-20 21:41:50.733946
Nulla,Home Care,Himalaya,1055.59,806.92,2025-12-04 03:40:03,2026-09-20 21:41:50.733989
Eius,Food,Britannia,991.24,749.53,2026-01-25 01:42:50,2026-09-20 21:41:50.734063
Voluptates,Food,Tata Tea,1782.2,1197.52,2025-11-28 18:06:39,2026-09-20 21:41:50.734110
Repudiandae,Beverages,ITC,1961.27,1125.84,2025-07-09 12:24:52,2026-09-20 21:41:50.734155
Error,Grocery,Tata,389.2,285.45,2026-02-05 19:37:30,2026-09-20 21:41:50.734199
In,Personal Care,Nestle,1983.11,1055.5,2025-07-06 06:08:55,2026-09-20 21:41:50.734243
Fugiat,Personal Care,Nestle,841.73,611.43,2025-01-23 01:26:25,2026-09-20 21:41:50.734286
Architecto,Grocery,ITC,1215.9,877.79,2025-06-29 22:50:08,2026-09-20 21:41:50.734329
Voluptatibus,Home Care,Tata Tea,803.38,577.5,2025-05-28 21:49:14,2026-09-20 21:41:50.734373
Saepe,Personal Care,Tata,1404.68,1058.43,2025-08-02 06:12:02,2026-09-20 21:41:50.734416
Incidunt,Home Care,Tata,1025.46,582.46,2025-09-14 17:35:16,2026-09-20 21:41:50.734459
Est,Home Care,Nestle,1964.99,1011.85,2025-06-25 13:29:22,2026-09-20 21:41:50.734503
Quasi,Beverages,Nestle,749.15,471.1,2026-06-03 03:03:41,2026-09-20 21:41:50.734545
Rem,Home Care,Britannia,1397.08,699.35,2025-02-28 12:21:39,2026-09-20 21:41:50.734589
Necessitatibus,Personal Care,Tata,1291.78,1003.46,2025-04-26 08:42:44,2026-09-20 21:41:50.734632
Error,Personal Care,Tata Tea,1971.86,1289.95,2026-04-03 11:01:44,2026-09-20 21:41:50.734679
Provident,Food,Tata Tea,262.91,178.41,2025-06-08 13:12:54,2026-09-20 21:41:50.734768
Maxime,Home Care,Britannia,1666.85,888.75,2024-12-03 18:45:56,2026-09-20 21:41:50.734838
A,Home Care,ITC,146.78,83.33,2026-05-02 20:24:39,2026-09-20 21:41:50.734884
Eligendi,Grocery,Tata Tea,1930.02,1293.3,2025-08-29 10:34:27,2026-09-20 21:41:50.734927
Placeat,Grocery,Nestle,792.7,472.35,2026-03-09 04:10:02,2026-09-20 21:41:50.734969
Tempora,Beverages,ITC,1756.04,1160.19,2026-07-06 06:12:09,2026-09-20 21:41:50.735012
Recusandae,Food,Tata,1384.96,801.55,2025-12-06 01:01:01,2026-09-20 21:41:50.735055
Libero,Personal Care,Himalaya,1381.23,897.11,2026-07-17 00:35:55,2026-09-20 21:41:50.735099
Possimus,Home Care,Britannia,453.55,250.64,2024-12-27 07:22:44,2026-09-20 21:41:50.735142
Rerum,Food,Tata Tea,1327.12,876.68,2025-03-22 04:13:43,2026-09-20 21:41:50.735187
Enim,Food,Nestle,524.33,288.83,2025-10-20 00:09:51,2026-09-20 21:41:50.735230
Reprehenderit,Food,Himalaya,1107.48,646.37,2024-10-15 10:08:35,2026-09-20 21:41:50.735273
Eius,Home Care,Tata Tea,1121.39,662.83,2024-10-02 20:50:38,2026-09-20 21:41:50.735316
Quaerat,Home Care,Tata,336.78,215.0,2025-04-08 15:05:01,2026-09-20 21:41:50.735359
Ipsa,Beverages,Britannia,1773.55,1337.02,2026-01-22 09:11:59,2026-09-20 21:41:50.735401
Qui,Beverages,Nestle,1507.91,1053.02,2025-08-17 04:06:37,2026-09-20 21:41:50.735446
Corrupti,Beverages,Tata Tea,1994.11,1452.47,2025-07-17 22:02:27,2026-09-20 21:41:50.735488
Impedit,Beverages,Nestle,782.81,582.56,2026-01-16 02:49:10,2026-09-20 21:41:50.735531
Possimus,Food,ITC,285.17,179.83,2026-04-29 20:58:11,2026-09-20 21:41:50.735574
Id,Beverages,Britannia,1735.54,908.2,2025-06-21 08:56:11,2026-09-20 21:41:50.735617
Alias,Beverages,ITC,43.44,31.56,2024-12-22 17:13:13,2026-09-20 21:41:50.735668
Cupiditate,Home Care,Tata,1630.38,1288.45,2025-07-11 16:49:11,2026-09-20 21:41:50.735714
Ullam,Beverages,Britannia,855.65,643.53,2026-07-09 10:44:51,2026-09-20 21:41:50.735757
Repellendus,Beverages,ITC,410.99,214.05,2025-05-14 13:59:59,2026-09-20 21:41:50.735801
Est,Food,Tata,1568.63,944.83,2026-07-28 01:42:43,2026-09-20 21:41:50.735845
Placeat,Beverages,Britannia,461.07,286.78,2025-02-10 00:19:10,2026-09-20 21:41:50.735888
Quod,Personal Care,Tata,1845.19,1410.54,2026-08-01 02:16:41,2026-09-20 21:41:50.735931
Ab,Food,Britannia,1526.54,982.16,2026-08-17 12:07:50,2026-09-20 21:41:50.735973
Dolorem,Beverages,Tata,893.34,589.65,2025-03-07 05:07:18,2026-09-20 21:41:50.736017
At,Personal Care,ITC,177.1,139.63,2026-04-13 19:11:38,2026-09-20 21:41:50.736060
Molestiae,Home Care,Nestle,1743.87,1227.63,2026-06-02 11:19:24,2026-09-20 21:41:50.736103
Dolorum,Beverages,Himalaya,1013.98,582.09,2025-02-04 00:44:28,2026-09-20 21:41:50.736146
Expedita,Personal Care,ITC,1875.42,1383.03,2025-09-07 06:19:11,2026-09-20 21:41:50.736189
Aliquam,Beverages,Tata Tea,1035.37,634.2,2026-08-18 09:16:49,2026-09-20 21:41:50.736232
Fugit,Home Care,Nestle,1911.65,1183.17,2025-07-08 16:59:20,2026-09-20 21:41:50.736275
Eius,Personal Care,Himalaya,278.22,179.24,2026-06-06 14:51:40,2026-09-20 21:41:50.736318
Animi,Home Care,Nestle,457.2,307.92,2025-09-12 22:01:31,2026-09-20 21:41:50.736361
Quo,Personal Care,Nestle,755.64,394.03,2024-12-07 16:46:47,2026-09-20 21:41:50.736404
Saepe,Grocery,Tata Tea,871.58,591.66,2025-06-27 14:16:01,2026-09-20 21:41:50.736449
Temporibus,Home Care,Tata Tea,907.77,589.08,2026-09-01 10:35:09,2026-09-20 21:41:50.736493
Occaecati,Personal Care,ITC,728.69,578.76,2025-08-29 22:44:02,2026-09-20 21:41:50.736536
Laudantium,Beverages,Tata Tea,887.63,698.85,2025-08-15 01:07:25,2026-09-20 21:41:50.736579
Placeat,Personal Care,Tata,596.11,318.94,2025-11-28 07:48:19,2026-09-20 21:41:50.736623
Officiis,Home Care,Tata Tea,1060.22,679.45,2025-12-09 02:27:15,2026-09-20 21:41:50.736676
Tenetur,Personal Care,Nestle,114.09,70.5,2025-08-27 15:42:41,2026-09-20 21:41:50.736720
Natus,Home Care,Tata,1904.87,1404.72,2025-04-21 03:50:20,2026-09-20 21:41:50.736763
Sed,Personal Care,ITC,1925.06,1124.49,2024-11-10 13:52:55,2026-09-20 21:41:50.736807
Recusandae,Beverages,Tata,224.35,175.57,2025-07-23 22:41:12,2026-09-20 21:41:50.736851
Explicabo,Grocery,Britannia,1256.44,676.05,2026-02-25 20:38:23,2026-09-20 21:41:50.736894
Architecto,Personal Care,Tata,1236.04,644.63,2025-07-30 16:31:38,2026-09-20 21:41:50.736938
Veritatis,Beverages,Himalaya,1303.25,731.44,2024-11-02 17:50:49,2026-09-20 21:41:50.736983
Est,Grocery,Himalaya,1002.59,657.65,2026-04-26 17:33:04,2026-09-20 21:41:50.737026
Ratione,Home Care,Britannia,1624.06,1045.61,2025-04-20 08:24:05,2026-09-20 21:41:50.737068
Magnam,Food,Himalaya,1644.23,931.02,2026-02-22 09:59:56,2026-09-20 21:41:50.737111
Voluptates,Grocery,Tata,1753.07,911.48,2026-02-14 10:55:27,2026-09-20 21:41:50.737154
Illo,Beverages,Britannia,804.6,590.5,2026-03-18 05:47:55,2026-09-20 21:41:50.737197
Ratione,Food,Nestle,725.15,520.51,2024-10-23 12:00:24,2026-09-20 21:41:50.737239
Minus,Beverages,Britannia,1447.15,831.62,2025-05-23 09:28:52,2026-09-20 21:41:50.737284
Molestias,Personal Care,Tata,758.7,507.14,2026-09-14 15:23:21,2026-09-20 21:41:50.737328
Ducimus,Grocery,Tata,1617.83,1280.02,2025-03-12 14:45:12,2026-09-20 21:41:50.737371
Eius,Home Care,Britannia,338.92,254.69,2025-09-04 17:36:25,2026-09-20 21:41:50.737414
Blanditiis,Beverages,Nestle,1091.63,591.13,2026-03-29 17:50:14,2026-09-20 21:41:50.737457
Incidunt,Food,Nestle,64.3,32.31,2024-11-24 03:43:21,2026-09-20 21:41:50.737500
Voluptas,Beverages,Himalaya,1761.78,1235.27,2026-04-28 08:20:33,2026-09-20 21:41:50.737542
Sequi,Food,Tata Tea,80.62,55.2,2026-09-03 19:30:03,2026-09-20 21:41:50.737585
Magni,Food,Tata,1138.74,599.32,2025-06-29 16:56:02,2026-09-20 21:41:50.737627
Ducimus,Personal Care,Himalaya,884.43,458.62,2026-09-08 23:57:29,2026-09-20 21:41:50.737669
Odit,Beverages,Tata,721.3,570.25,2024-12-31 22:46:01,2026-09-20 21:41:50.737712
Iure,Personal Care,Himalaya,1027.35,524.55,2025-07-23 21:13:57,2026-09-20 21:41:50.737754
Nihil,Grocery,Tata,1715.9,1365.36,2025-11-27 02:45:36,2026-09-20 21:41:50.737797
Molestias,Food,Nestle,22.73,14.36,2026-01-14 14:16:48,2026-09-20 21:41:50.737840
Sunt,Beverages,Tata,1095.91,573.53,2026-02-17 12:55:53,2026-09-20 21:41:50.737883
Ullam,Home Care,Tata Tea,816.03,409.54,2025-09-05 05:02:50,2026-09-20 21:41:50.737925
Nostrum,Food,Britannia,1970.4,1390.01,2024-11-25 00:57:34,2026-09-20 21:41:50.737978
Quas,Food,Britannia,978.28,636.05,2025-06-01 18:16:10,2026-09-20 21:41:50.738056
Libero,Grocery,ITC,1164.08,810.64,2025-01-09 03:13:41,2026-09-20 21:41:50.738103
Rem,Beverages,ITC,438.3,252.8,2026-01-03 21:06:12,2026-09-20 21:41:50.738146
Architecto,Beverages,Himalaya,1480.85,1071.79,2025-11-09 11:39:39,2026-09-20 21:41:50.738190
Libero,Home Care,ITC,1884.27,1095.85,2024-09-23 00:37:21,2026-09-20 21:41:50.738233
Veniam,Personal Care,Nestle,701.39,528.9,2026-07-16 02:16:42,2026-09-20 21:41:50.738276
Omnis,Grocery,Britannia,1503.76,860.13,2025-07-04 00:07:37,2026-09-20 21:41:50.738328
Minus,Home Care,Tata,1897.93,1223.05,2025-04-05 17:37:01,2026-09-20 21:41:50.738399
Ad,Food,Tata,1424.27,1119.72,2025-03-03 03:37:59,2026-09-20 21:41:50.738445
Quidem,Beverages,ITC,40.41,23.49,2026-04-23 04:20:01,2026-09-20 21:41:50.738488
Libero,Food,Tata,835.73,531.0,2026-01-26 15:39:12,2026-09-20 21:41:50.738531
Odit,Personal Care,Britannia,455.06,337.26,2025-09-17 23:38:47,2026-09-20 21:41:50.738574
Hic,Personal Care,Himalaya,1776.97,900.11,2024-10-13 01:04:29,2026-09-20 21:41:50.738617
Consectetur,Personal Care,Tata,239.78,134.33,2025-07-04 19:11:42,2026-09-20 21:41:50.738660
Officiis,Home Care,Himalaya,1171.8,790.12,2025-10-04 14:47:38,2026-09-20 21:41:50.738703
Dignissimos,Home Care,Himalaya,584.51,441.43,2026-05-17 08:55:07,2026-09-20 21:41:50.738747
Aliquid,Grocery,Himalaya,1436.76,978.44,2026-08-29 09:37:41,2026-09-20 21:41:50.738789
Ducimus,Food,Himalaya,1342.23,702.66,2025-08-24 00:50:53,2026-09-20 21:41:50.738832
Ea,Grocery,ITC,1440.3,782.13,2025-06-24 11:32:35,2026-09-20 21:41:50.738875
Distinctio,Grocery,ITC,401.83,228.7,2024-10-22 22:41:41,2026-09-20 21:41:50.738918
Sit,Personal Care,Tata Tea,360.35,189.21,2025-08-20 14:48:59,2026-09-20 21:41:50.738960
Eius,Grocery,Britannia,380.61,241.75,2025-07-26 20:24:42,2026-09-20 21:41:50.739003
Fugiat,Beverages,Britannia,1637.22,1302.04,2024-09-28 11:34:56,2026-09-20 21:41:50.739056
Voluptatum,Home Care,Tata Tea,1582.97,946.04,2026-07-28 11:06:27,2026-09-20 21:41:50.739121
Deserunt,Food,Tata Tea,845.81,595.66,2024-10-05 11:44:14,2026-09-20 21:41:50.739167
Sint,Food,ITC,559.87,395.34,2024-11-23 05:31:50,2026-09-20 21:41:50.739210
Esse,Grocery,Tata,89.54,46.28,2026-09-10 23:42:57,2026-09-20 21:41:50.739254
Molestiae,Beverages,Nestle,1660.1,1194.72,2026-08-07 17:49:40,2026-09-20 21:41:50.739470
Iusto,Personal Care,Britannia,620.71,463.37,2024-10-17 17:52:14,2026-09-20 21:41:50.739553
Ea,Home Care,Tata Tea,1622.07,927.81,2025-07-13 14:30:49,2026-09-20 21:41:50.739622
Eos,Beverages,ITC,488.59,268.43,2026-08-10 17:45:54,2026-09-20 21:41:50.739688
Dicta,Home Care,Himalaya,325.37,185.47,2026-06-21 06:14:02,2026-09-20 21:41:50.739735
Iste,Home Care,Tata Tea,1722.07,1176.78,2025-11-04 16:27:20,2026-09-20 21:41:50.739778
Doloremque,Home Care,ITC,1738.23,1336.67,2025-06-30 09:17:52,2026-09-20 21:41:50.739822
Enim,Home Care,Himalaya,118.03,73.54,2026-04-09 06:59:57,2026-09-20 21:41:50.739864
Eaque,Beverages,ITC,1227.26,654.57,2025-04-30 09:12:12,2026-09-20 21:41:50.739908
Iusto,Personal Care,Britannia,1857.92,1057.98,2026-06-15 12:09:33,2026-09-20 21:41:50.739951
Dignissimos,Grocery,Tata,594.9,432.32,2026-07-25 20:03:32,2026-09-20 21:41:50.739994
Porro,Beverages,Tata Tea,1314.3,864.18,2025-03-03 15:14:59,2026-09-20 21:41:50.740043
Rem,Food,Tata,1923.8,1186.07,2025-12-14 04:34:42,2026-09-20 21:41:50.740082
Sit,Personal Care,Himalaya,1006.76,602.83,2026-01-29 17:25:49,2026-09-20 21:41:50.740116
Ex,Personal Care,Nestle,920.49,729.3,2024-11-01 22:08:23,2026-09-20 21:41:50.740150
Cum,Food,Tata,402.39,251.2,2026-06-30 02:16:26,2026-09-20 21:41:50.740183
Repudiandae,Grocery,Tata,1180.08,939.61,2025-05-08 13:56:46,2026-09-20 21:41:50.740218
Illo,Personal Care,Britannia,88.1,65.54,2025-04-02 01:21:20,2026-09-20 21:41:50.740252
Ea,Food,Himalaya,1566.93,1021.76,2024-12-09 07:30:19,2026-09-20 21:41:50.740287
Quae,Beverages,Tata,1580.53,905.32,2025-07-19 00:13:24,2026-09-20 21:41:50.740320
Consequuntur,Home Care,Tata Tea,616.0,309.53,2025-07-28 06:41:00,2026-09-20 21:41:50.740353
Autem,Beverages,Tata,1741.07,893.0,2026-09-04 05:36:44,2026-09-20 21:41:50.740386
Culpa,Personal Care,Tata,1154.21,844.76,2025-05-18 02:50:57,2026-09-20 21:41:50.740419
Aut,Grocery,Tata Tea,1916.43,1016.99,2026-01-15 11:27:56,2026-09-20 21:41:50.740452
Molestiae,Beverages,Himalaya,115.99,89.85,2026-08-28 05:04:31,2026-09-20 21:41:50.740486
Quas,Personal Care,ITC,590.45,310.26,2025-12-26 21:13:26,2026-09-20 21:41:50.740538
Minima,Personal Care,Nestle,1490.95,897.75,2025-09-23 13:18:34,2026-09-20 21:41:50.740574
Recusandae,Personal Care,Tata,1062.43,845.95,2025-01-22 21:21:09,2026-09-20 21:41:50.740608
Fugiat,Home Care,Tata Tea,781.23,476.98,2024-11-05 04:32:42,2026-09-20 21:41:50.740643
Et,Beverages,Tata Tea,1948.6,1076.05,2026-04-25 23:11:45,2026-09-20 21:41:50.740676
Ducimus,Personal Care,Tata,1512.79,793.7,2026-01-17 15:01:33,2026-09-20 21:41:50.740709
Cum,Personal Care,Nestle,562.87,295.73,2025-11-23 07:21:49,2026-09-20 21:41:50.740742
Optio,Beverages,Tata Tea,664.62,377.36,2024-11-02 01:47:50,2026-09-20 21:41:50.740774
Facilis,Personal Care,Nestle,682.71,494.45,2025-02-24 04:05:16,2026-09-20 21:41:50.740807
A,Grocery,Tata,1355.94,801.98,2025-06-01 12:41:02,2026-09-20 21:41:50.740839
Quaerat,Personal Care,Britannia,109.05,56.98,2025-10-21 14:42:49,2026-09-20 21:41:50.740872
Ex,Grocery,Nestle,1977.59,1403.04,2024-10-18 17:41:56,2026-09-20 21:41:50.740904
Necessitatibus,Grocery,Britannia,1543.97,1145.09,2025-03-30 15:09:53,2026-09-20 21:41:50.740938
Blanditiis,Personal Care,Himalaya,342.21,234.96,2025-06-01 22:05:24,2026-09-20 21:41:50.740971
Reprehenderit,Home Care,ITC,1624.74,906.77,2024-11-28 11:34:52,2026-09-20 21:41:50.741004
Suscipit,Grocery,Tata,641.35,500.77,2025-02-13 03:19:31,2026-09-20 21:41:50.741040
Veniam,Beverages,Tata,477.87,381.54,2024-11-01 15:56:37,2026-09-20 21:41:50.741081
Aut,Home Care,Tata,1969.81,1011.28,2026-01-31 21:05:06,2026-09-20 21:41:50.741115
Corrupti,Grocery,Nestle,124.71,98.77,2026-05-26 12:10:07,2026-09-20 21:41:50.741159
Veritatis,Food,ITC,253.49,198.61,2026-07-16 01:00:35,2026-09-20 21:41:50.741236
Illum,Food,Nestle,830.92,444.25,2025-06-25 03:38:31,2026-09-20 21:41:50.741284
Cumque,Beverages,Tata Tea,1818.86,1146.13,2026-03-18 10:24:36,2026-09-20 21:41:50.741328
Doloribus,Beverages,Himalaya,1547.37,1027.53,2025-10-17 22:57:26,2026-09-20 21:41:50.741371
Quaerat,Beverages,Britannia,967.4,577.06,2026-01-27 13:39:09,2026-09-20 21:41:50.741414
Aspernatur,Home Care,Himalaya,1370.53,892.1,2025-12-16 20:15:03,2026-09-20 21:41:50.741474
Dolore,Grocery,ITC,241.39,159.45,2025-05-10 16:15:02,2026-09-20 21:41:50.741510
Distinctio,Beverages,Himalaya,182.02,114.91,2025-03-18 08:51:11,2026-09-20 21:41:50.741545
Enim,Food,ITC,1688.82,1201.0,2025-12-15 17:00:43,2026-09-20 21:41:50.741579
Sint,Home Care,Britannia,569.91,406.45,2025-04-24 01:17:14,2026-09-20 21:41:50.741613
Mollitia,Home Care,Himalaya,1735.44,1053.41,2026-03-27 15:11:15,2026-09-20 21:41:50.741647
Suscipit,Beverages,Tata Tea,361.74,199.04,2025-06-08 22:19:24,2026-09-20 21:41:50.741681
Dicta,Grocery,Tata Tea,1336.88,816.4,2026-04-19 22:44:50,2026-09-20 21:41:50.741714
Nostrum,Personal Care,Tata,562.25,437.67,2025-06-27 03:10:56,2026-09-20 21:41:50.741750
Aliquid,Beverages,Tata,769.3,504.13,2026-01-03 12:57:17,2026-09-20 21:41:50.741783
Aperiam,Grocery,Tata,909.87,506.45,2026-07-28 10:24:42,2026-09-20 21:41:50.741816
Suscipit,Home Care,Britannia,1545.95,846.72,2024-09-28 12:25:20,2026-09-20 21:41:50.741849
Tenetur,Beverages,Britannia,96.06,53.57,2025-08-16 11:22:04,2026-09-20 21:41:50.741885
Aut,Personal Care,Nestle,1577.24,911.72,2024-11-05 05:48:05,2026-09-20 21:41:50.741917
Similique,Food,Britannia,216.85,158.62,2026-09-04 22:10:26,2026-09-20 21:41:50.741950
Magnam,Beverages,Tata Tea,564.67,420.9,2025-10-09 10:12:02,2026-09-20 21:41:50.742009
Delectus,Beverages,Tata,1678.65,889.99,2025-10-03 00:31:15,2026-09-20 21:41:50.742107
Inventore,Home Care,Nestle,1303.08,652.25,2025-01-30 01:51:40,2026-09-20 21:41:50.742177
Vero,Home Care,Tata Tea,1774.84,1038.45,2025-06-26 18:50:28,2026-09-20 21:41:50.742224
Itaque,Beverages,Britannia,99.88,52.21,2025-12-25 00:51:55,2026-09-20 21:41:50.742268
Dolores,Home Care,Nestle,584.85,403.83,2025-07-01 01:14:00,2026-09-20 21:41:50.742312
Minus,Personal Care,ITC,632.59,353.84,2024-09-22 02:53:14,2026-09-20 21:41:50.742356
Voluptates,Beverages,Tata Tea,484.26,290.95,2024-12-10 12:41:13,2026-09-20 21:41:50.742399
Id,Personal Care,Nestle,994.49,680.24,2026-03-24 17:16:37,2026-09-20 21:41:50.742442
Ratione,Food,Nestle,735.14,545.95,2025-11-14 12:46:56,2026-09-20 21:41:50.742485
Nobis,Beverages,Tata,487.59,364.84,2025-12-31 00:36:02,2026-09-20 21:41:50.742528
Magnam,Grocery,Tata,648.64,384.38,2025-07-25 06:58:29,2026-09-20 21:41:50.742571
Maxime,Personal Care,Britannia,1662.48,1046.01,2025-08-08 02:09:08,2026-09-20 21:41:50.742618
Hic,Beverages,Himalaya,265.09,202.66,2025-01-31 17:02:41,2026-09-20 21:41:50.742662
Nostrum,Personal Care,Tata Tea,1025.6,688.9,2025-10-04 21:26:50,2026-09-20 21:41:50.742705
Consequatur,Grocery,Tata Tea,988.7,757.24,2025-12-20 23:02:31,2026-09-20 21:41:50.742748
Nihil,Personal Care,Tata Tea,1983.25,1537.73,2024-12-30 03:21:54,2026-09-20 21:41:50.742792
Voluptatibus,Grocery,Tata,1294.78,839.0,2025-02-25 21:58:14,2026-09-20 21:41:50.742836
Voluptatum,Beverages,Tata Tea,246.99,174.76,2025-01-09 17:00:19,2026-09-20 21:41:50.742880
Minima,Personal Care,Tata,1645.0,1035.69,2026-03-26 21:51:53,2026-09-20 21:41:50.742924
Repellendus,Food,Britannia,606.07,387.86,2026-07-30 16:06:44,2026-09-20 21:41:50.742967
Iusto,Food,Britannia,912.6,646.5,2025-09-19 01:08:42,2026-09-20 21:41:50.743010
Reprehenderit,Home Care,Himalaya,1493.55,1155.99,2025-05-24 14:58:14,2026-09-20 21:41:50.743071
Commodi,Grocery,Tata Tea,605.21,374.07,2025-06-08 10:13:04,2026-09-20 21:41:50.743166
Quos,Grocery,Tata Tea,576.8,379.09,2026-03-22 00:01:55,2026-09-20 21:41:50.743244
Dicta,Food,ITC,1640.58,1290.39,2026-01-09 05:34:15,2026-09-20 21:41:50.743300
Illo,Personal Care,Tata,1000.12,630.81,2026-06-28 19:44:18,2026-09-20 21:41:50.743370
Corrupti,Personal Care,Tata Tea,808.99,548.47,2026-04-17 22:55:28,2026-09-20 21:41:50.743492
Rerum,Home Care,Britannia,1987.47,1176.55,2026-04-14 03:53:15,2026-09-20 21:41:50.743599
Corrupti,Beverages,Tata Tea,146.67,74.37,2025-08-25 00:20:26,2026-09-20 21:41:50.743703
Labore,Home Care,Tata Tea,1476.42,954.1,2026-01-22 18:07:55,2026-09-20 21:41:50.743796
Iste,Beverages,Britannia,270.03,184.09,2025-02-10 06:17:52,2026-09-20 21:41:50.743842
Facere,Personal Care,Britannia,648.46,387.56,2026-04-25 04:25:10,2026-09-20 21:41:50.743898
Officia,Food,Britannia,1697.58,1341.51,2026-06-10 23:01:06,2026-09-20 21:41:50.743939
Unde,Grocery,Tata,1810.92,958.38,2025-10-10 02:29:08,2026-09-20 21:41:50.743976
Fuga,Beverages,Tata Tea,73.14,43.48,2026-02-18 16:31:02,2026-09-20 21:41:50.744010
Quae,Beverages,Tata,516.56,281.88,2026-05-01 12:24:52,2026-09-20 21:41:50.744043
Commodi,Home Care,Himalaya,1333.62,1003.86,2025-04-07 11:30:13,2026-09-20 21:41:50.744076
Placeat,Food,Tata,1363.93,1028.87,2025-02-09 02:20:28,2026-09-20 21:41:50.744117
Saepe,Personal Care,Tata Tea,1361.95,973.99,2024-09-27 00:46:50,2026-09-20 21:41:50.744163
Quia,Food,Britannia,1848.55,1076.99,2026-08-10 16:03:05,2026-09-20 21:41:50.744207
Repellat,Grocery,Himalaya,1135.9,906.47,2026-01-11 07:45:06,2026-09-20 21:41:50.744250
Praesentium,Grocery,Tata Tea,126.44,72.1,2026-03-06 19:16:42,2026-09-20 21:41:50.744296
Iusto,Home Care,ITC,1035.14,616.47,2025-09-04 17:39:20,2026-09-20 21:41:50.744340
Molestiae,Beverages,Tata,1779.82,917.71,2026-04-01 01:58:30,2026-09-20 21:41:50.744384
Quasi,Beverages,Britannia,836.76,537.12,2026-06-03 03:00:02,2026-09-20 21:41:50.744427
Tenetur,Grocery,Nestle,781.07,432.32,2026-08-14 02:48:59,2026-09-20 21:41:50.744471
Totam,Grocery,Tata,855.4,655.58,2024-11-26 08:11:27,2026-09-20 21:41:50.744514
Sequi,Home Care,Tata Tea,1547.1,892.92,2025-10-11 17:55:20,2026-09-20 21:41:50.744557
Nulla,Grocery,ITC,409.65,233.62,2025-03-29 07:20:03,2026-09-20 21:41:50.744601
Sapiente,Beverages,Britannia,518.26,401.14,2024-12-14 15:17:14,2026-09-20 21:41:50.744643
Molestias,Personal Care,Tata Tea,941.45,518.63,2024-10-21 10:20:38,2026-09-20 21:41:50.744687
Architecto,Beverages,Himalaya,1780.43,1241.6,2025-02-03 19:10:21,2026-09-20 21:41:50.744730
Repudiandae,Beverages,Himalaya,1046.63,816.14,2026-08-02 10:50:30,2026-09-20 21:41:50.744773
Labore,Personal Care,Nestle,1152.63,741.61,2025-11-08 23:46:53,2026-09-20 21:41:50.744815
Nobis,Home Care,Himalaya,231.78,140.59,2026-04-14 17:54:36,2026-09-20 21:41:50.744858
Suscipit,Food,ITC,1879.19,1245.12,2025-06-03 14:19:22,2026-09-20 21:41:50.744901
Aperiam,Home Care,Himalaya,48.37,37.35,2026-08-26 20:17:45,2026-09-20 21:41:50.744943
Voluptas,Beverages,Britannia,561.33,319.17,2026-07-14 17:12:34,2026-09-20 21:41:50.744987
Alias,Beverages,Himalaya,1791.87,1425.92,2025-07-20 07:40:12,2026-09-20 21:41:50.745029
Quia,Grocery,Tata Tea,1761.26,1305.87,2026-01-16 17:27:34,2026-09-20 21:41:50.745072
Eaque,Grocery,Tata,1219.62,907.49,2025-04-10 22:59:15,2026-09-20 21:41:50.745123
Illo,Personal Care,Nestle,912.15,683.8,2026-03-21 03:48:22,2026-09-20 21:41:50.745159
Qui,Beverages,Britannia,1060.49,666.22,2025-02-20 14:05:49,2026-09-20 21:41:50.745193
Veniam,Personal Care,ITC,398.93,251.1,2026-02-10 13:54:41,2026-09-20 21:41:50.745226
Rem,Grocery,Nestle,233.29,139.68,2025-06-11 17:03:28,2026-09-20 21:41:50.745262
Dolorem,Beverages,Himalaya,1030.25,819.34,2026-08-16 01:17:34,2026-09-20 21:41:50.745295
Totam,Grocery,Nestle,1232.25,671.04,2025-01-22 07:52:17,2026-09-20 21:41:50.745328
Asperiores,Grocery,Tata,91.16,47.62,2025-03-15 21:38:28,2026-09-20 21:41:50.745361
Ipsam,Beverages,ITC,1564.8,1056.38,2024-11-19 17:52:26,2026-09-20 21:41:50.745395
Nostrum,Grocery,Nestle,1998.92,1520.63,2026-04-10 15:40:51,2026-09-20 21:41:50.745429
Quae,Grocery,Britannia,164.25,85.8,2026-02-26 20:06:26,2026-09-20 21:41:50.745462
Recusandae,Food,Tata Tea,1544.48,1088.9,2026-04-22 04:31:48,2026-09-20 21:41:50.745495
Suscipit,Beverages,Tata Tea,593.44,409.7,2025-01-17 05:33:51,2026-09-20 21:41:50.745528
Laudantium,Food,Himalaya,1680.28,1071.3,2025-02-12 07:00:56,2026-09-20 21:41:50.745561
Voluptates,Food,Himalaya,1100.74,752.32,2026-01-03 17:28:20,2026-09-20 21:41:50.745600
Possimus,Beverages,Tata,25.03,14.89,2026-09-12 14:28:04,2026-09-20 21:41:50.745634
In,Beverages,ITC,830.1,624.88,2025-04-25 06:56:31,2026-09-20 21:41:50.745671
Veniam,Food,ITC,1162.03,637.56,2025-07-31 06:48:25,2026-09-20 21:41:50.745763
Voluptatem,Grocery,Tata Tea,758.81,510.3,2024-10-15 20:54:04,2026-09-20 21:41:50.745814
Excepturi,Personal Care,Tata,662.66,456.13,2025-04-01 03:49:42,2026-09-20 21:41:50.745858
Eos,Grocery,Tata Tea,1703.7,1020.57,2025-11-10 10:10:16,2026-09-20 21:41:50.745902
A,Food,Nestle,612.09,351.52,2026-04-23 11:08:43,2026-09-20 21:41:50.745945
Quod,Beverages,Britannia,319.56,207.81,2026-07-02 08:36:56,2026-09-20 21:41:50.746069
Distinctio,Grocery,Tata Tea,1686.01,928.68,2026-03-10 04:52:14,2026-09-20 21:41:50.746123
Distinctio,Grocery,Himalaya,498.94,283.03,2026-02-22 20:30:16,2026-09-20 21:41:50.746167
Incidunt,Personal Care,ITC,849.12,669.08,2025-03-25 09:51:16,2026-09-20 21:41:50.746210
Mollitia,Personal Care,Britannia,529.36,293.27,2025-11-01 21:41:22,2026-09-20 21:41:50.746254
Possimus,Home Care,Tata Tea,1756.25,1151.65,2025-06-26 15:36:29,2026-09-20 21:41:50.746297
Aperiam,Home Care,Tata Tea,506.93,336.77,2024-10-20 21:39:34,2026-09-20 21:41:50.746340
Nesciunt,Grocery,Tata Tea,613.42,388.19,2025-11-05 05:49:26,2026-09-20 21:41:50.746383
Quam,Beverages,Britannia,1193.96,771.4,2026-02-27 23:40:35,2026-09-20 21:41:50.746426
Saepe,Grocery,Nestle,615.46,483.43,2025-07-19 20:58:46,2026-09-20 21:41:50.746470
Delectus,Personal Care,Britannia,1215.36,969.59,2026-06-02 18:30:05,2026-09-20 21:41:50.746513
Aspernatur,Personal Care,Britannia,1090.2,768.09,2025-10-11 00:37:48,2026-09-20 21:41:50.746569
Fugit,Food,Himalaya,1351.88,799.32,2025-04-25 20:17:22,2026-09-20 21:41:50.746605
Accusamus,Beverages,Tata,1457.78,911.87,2025-06-18 02:12:21,2026-09-20 21:41:50.746638
Minus,Beverages,Britannia,1559.43,963.35,2026-02-19 02:25:10,2026-09-20 21:41:50.746671
Ratione,Home Care,Nestle,1064.66,575.91,2026-06-16 01:27:07,2026-09-20 21:41:50.746709
Excepturi,Grocery,Nestle,1758.88,971.82,2025-03-30 06:55:48,2026-09-20 21:41:50.746758
A,Personal Care,Britannia,138.35,84.47,2025-12-28 14:42:44,2026-09-20 21:41:50.746801
Et,Home Care,Tata Tea,1140.86,814.08,2026-08-29 06:35:49,2026-09-20 21:41:50.746844
Eligendi,Food,ITC,668.65,530.54,2025-11-16 04:28:41,2026-09-20 21:41:50.746887
Inventore,Food,Nestle,878.19,463.42,2024-10-12 23:46:20,2026-09-20 21:41:50.746931
Possimus,Grocery,Himalaya,540.59,408.01,2025-04-11 06:49:14,2026-09-20 21:41:50.746973
Excepturi,Personal Care,Himalaya,864.43,453.08,2025-09-09 11:25:20,2026-09-20 21:41:50.747016
A,Beverages,Britannia,518.3,268.66,2026-08-07 12:38:48,2026-09-20 21:41:50.747059
Nostrum,Grocery,Himalaya,905.6,485.11,2026-03-12 16:23:04,2026-09-20 21:41:50.747102
Excepturi,Grocery,Nestle,1910.84,1441.45,2026-08-21 15:10:44,2026-09-20 21:41:50.747145
Deleniti,Food,ITC,1080.08,616.42,2026-09-11 16:00:13,2026-09-20 21:41:50.747190
Vero,Food,Tata Tea,1436.18,847.87,2026-05-28 12:20:30,2026-09-20 21:41:50.747227
Modi,Personal Care,ITC,663.82,353.81,2024-12-29 08:45:38,2026-09-20 21:41:50.747261
Nesciunt,Home Care,Himalaya,1708.32,1068.88,2025-09-13 20:23:29,2026-09-20 21:41:50.747295
Tempore,Personal Care,ITC,597.19,394.71,2025-05-23 10:54:22,2026-09-20 21:41:50.747329
Aspernatur,Food,Britannia,849.39,551.12,2025-02-27 12:57:57,2026-09-20 21:41:50.747362
Molestiae,Grocery,Himalaya,623.64,362.62,2025-01-11 17:53:59,2026-09-20 21:41:50.747396
In,Food,Britannia,950.49,668.46,2024-12-08 19:31:39,2026-09-20 21:41:50.747429
Beatae,Food,Himalaya,492.49,289.54,2025-06-26 12:00:52,2026-09-20 21:41:50.747463
Iure,Home Care,Britannia,1666.62,1333.19,2025-02-15 09:49:23,2026-09-20 21:41:50.747496
Voluptatibus,Food,ITC,158.72,120.09,2025-03-23 20:37:13,2026-09-20 21:41:50.747530
Atque,Food,Tata Tea,1249.07,853.07,2025-02-13 12:40:10,2026-09-20 21:41:50.747562
Sapiente,Home Care,Tata Tea,593.61,378.55,2025-09-10 00:51:33,2026-09-20 21:41:50.747600
Hic,Grocery,Tata,388.3,278.73,2025-11-26 06:23:44,2026-09-20 21:41:50.747633
Debitis,Food,Tata,1483.85,1104.79,2026-04-29 09:33:12,2026-09-20 21:41:50.747667
Dolor,Home Care,Nestle,1633.34,1148.42,2026-06-09 23:44:39,2026-09-20 21:41:50.747699
Voluptatum,Beverages,Tata,1160.24,714.58,2025-02-16 11:32:33,2026-09-20 21:41:50.747732
Labore,Beverages,Tata,1102.46,863.13,2025-08-03 01:36:01,2026-09-20 21:41:50.747765
Eius,Personal Care,ITC,1435.91,1078.97,2025-11-18 07:49:23,2026-09-20 21:41:50.747797
Magnam,Home Care,Britannia,1054.13,697.26,2026-01-31 11:04:34,2026-09-20 21:41:50.747832
Id,Food,Nestle,1142.75,731.21,2026-07-22 19:52:06,2026-09-20 21:41:50.747864
Error,Beverages,Himalaya,1054.01,757.43,2026-02-14 13:18:11,2026-09-20 21:41:50.747897
Consequuntur,Beverages,Himalaya,745.59,541.42,2024-11-19 22:41:53,2026-09-20 21:41:50.747930
Ab,Beverages,Himalaya,1246.98,655.03,2025-03-15 03:25:36,2026-09-20 21:41:50.747963
Iure,Grocery,Nestle,1001.77,795.2,2026-08-18 20:22:32,2026-09-20 21:41:50.747997
Ducimus,Beverages,Britannia,1484.85,1144.32,2026-01-02 23:13:14,2026-09-20 21:41:50.748030
Recusandae,Grocery,Tata,867.58,658.28,2025-03-05 21:00:33,2026-09-20 21:41:50.748063
Facere,Personal Care,Himalaya,1786.73,1135.74,2025-03-12 04:04:15,2026-09-20 21:41:50.748096
Ducimus,Beverages,Tata Tea,1672.37,1009.58,2026-01-30 10:24:01,2026-09-20 21:41:50.748128
Neque,Personal Care,ITC,1098.56,744.95,2026-06-12 08:19:57,2026-09-20 21:41:50.748161
Inventore,Home Care,Tata,1478.9,1171.0,2024-10-27 05:01:45,2026-09-20 21:41:50.748198
Ad,Food,Himalaya,931.48,491.8,2025-01-07 18:22:02,2026-09-20 21:41:50.748231
A,Food,ITC,1720.89,1100.51,2025-11-12 12:11:23,2026-09-20 21:41:50.748269
Facilis,Beverages,Britannia,1773.77,1056.16,2026-09-04 17:45:30,2026-09-20 21:41:50.748302
Facere,Home Care,Tata Tea,1754.98,928.91,2025-12-27 18:57:33,2026-09-20 21:41:50.748335
Error,Personal Care,Nestle,743.24,395.56,2026-05-25 09:29:28,2026-09-20 21:41:50.748367
Fuga,Food,Tata,1359.11,847.72,2026-02-13 00:40:47,2026-09-20 21:41:50.748400
Eos,Food,ITC,1783.2,1185.14,2026-09-04 05:22:28,2026-09-20 21:41:50.748433
Officia,Food,Tata Tea,286.85,148.45,2025-03-08 00:55:40,2026-09-20 21:41:50.748466
Animi,Beverages,ITC,375.36,280.92,2025-02-13 16:34:42,2026-09-20 21:41:50.748498
Non,Food,Britannia,368.21,284.21,2025-12-08 14:48:48,2026-09-20 21:41:50.748530
Ex,Personal Care,Tata,856.21,680.67,2025-02-01 06:01:47,2026-09-20 21:41:50.748563
Quia,Food,Tata Tea,1965.27,1341.51,2025-05-31 13:24:26,2026-09-20 21:41:50.748595
Totam,Grocery,ITC,1986.4,1202.9,2025-12-05 17:50:57,2026-09-20 21:41:50.748627
Quibusdam,Grocery,Tata,1329.66,971.05,2025-04-23 05:31:17,2026-09-20 21:41:50.748660
Dicta,Personal Care,Tata Tea,292.92,148.04,2025-04-03 13:26:23,2026-09-20 21:41:50.748692
Unde,Food,Nestle,1849.53,949.41,2025-01-12 13:35:01,2026-09-20 21:41:50.748724
Facilis,Beverages,Britannia,1693.48,1132.83,2025-01-14 05:31:08,2026-09-20 21:41:50.748757
Ea,Home Care,Tata Tea,1534.59,873.78,2026-04-03 19:03:08,2026-09-20 21:41:50.748789
Amet,Home Care,Tata,1961.8,1412.22,2025-05-07 17:15:13,2026-09-20 21:41:50.748822
Iste,Grocery,Tata,961.66,721.63,2026-01-29 01:06:07,2026-09-20 21:41:50.748853
Explicabo,Grocery,ITC,1974.24,1213.11,2025-08-09 04:09:35,2026-09-20 21:41:50.748886
Voluptas,Personal Care,Britannia,932.01,475.86,2025-09-05 04:17:00,2026-09-20 21:41:50.748919
Asperiores,Food,Tata,1150.28,794.59,2025-04-23 21:02:52,2026-09-20 21:41:50.748951
Aspernatur,Personal Care,Himalaya,1144.91,801.32,2026-03-21 09:52:53,2026-09-20 21:41:50.748984
Quo,Personal Care,Himalaya,910.21,701.34,2026-08-01 22:18:21,2026-09-20 21:41:50.749019
Modi,Grocery,Britannia,1578.37,1074.54,2025-09-05 21:48:44,2026-09-20 21:41:50.749052
Molestias,Beverages,Himalaya,1900.77,1306.81,2024-10-18 16:30:33,2026-09-20 21:41:50.749084
Nihil,Grocery,Tata Tea,380.31,271.63,2026-03-21 18:34:17,2026-09-20 21:41:50.749117
Nulla,Grocery,Himalaya,409.48,308.7,2025-08-11 19:36:42,2026-09-20 21:41:50.749149
Dicta,Home Care,Tata Tea,571.16,411.91,2026-03-11 23:15:30,2026-09-20 21:41:50.749181
Vero,Beverages,Britannia,1512.8,799.54,2025-06-14 08:31:12,2026-09-20 21:41:50.749213
Nihil,Beverages,ITC,453.13,252.12,2025-10-15 14:55:23,2026-09-20 21:41:50.749276
Accusantium,Food,Tata Tea,1096.57,727.3,2025-12-24 15:22:32,2026-09-20 21:41:50.749323
Quae,Beverages,Tata Tea,1962.0,1465.11,2024-12-05 19:47:38,2026-09-20 21:41:50.749357
Repellendus,Personal Care,Nestle,749.33,576.03,2025-12-12 15:00:47,2026-09-20 21:41:50.749392
Repellendus,Grocery,Tata Tea,1513.42,1184.91,2025-04-11 11:02:58,2026-09-20 21:41:50.749425
Modi,Beverages,Britannia,216.06,162.88,2025-03-07 22:04:05,2026-09-20 21:41:50.749457
Dolor,Home Care,Britannia,175.69,113.46,2026-05-16 02:04:37,2026-09-20 21:41:50.749489
Ut,Home Care,Tata,428.72,322.32,2025-08-23 15:03:07,2026-09-20 21:41:50.749522
Deserunt,Personal Care,Nestle,954.51,625.14,2025-04-28 11:04:46,2026-09-20 21:41:50.749554
Totam,Beverages,ITC,634.26,353.05,2026-04-12 02:46:16,2026-09-20 21:41:50.749587
Dicta,Grocery,ITC,1379.36,849.17,2026-08-22 14:31:59,2026-09-20 21:41:50.749619
Ipsum,Beverages,Britannia,1453.98,1070.87,2026-02-13 06:29:29,2026-09-20 21:41:50.749651
Aliquam,Home Care,Himalaya,1059.35,597.66,2025-07-06 01:37:16,2026-09-20 21:41:50.749683
Architecto,Food,Himalaya,1635.2,894.07,2025-02-25 04:26:40,2026-09-20 21:41:50.749716
Aspernatur,Home Care,ITC,595.21,315.72,2025-05-09 04:13:06,2026-09-20 21:41:50.749748
Dolores,Home Care,Nestle,1535.38,1140.61,2025-07-03 18:32:32,2026-09-20 21:41:50.749781
Quis,Beverages,Tata Tea,895.35,642.0,2026-04-17 17:33:24,2026-09-20 21:41:50.749813
Minima,Food,ITC,1742.26,1143.56,2025-03-04 12:45:20,2026-09-20 21:41:50.749851
Maiores,Beverages,Tata,380.47,192.32,2024-12-03 11:36:40,2026-09-20 21:41:50.749883
Expedita,Personal Care,ITC,843.74,608.85,2025-05-18 04:55:09,2026-09-20 21:41:50.749916
Eos,Home Care,Nestle,1521.78,1058.63,2026-07-26 20:06:27,2026-09-20 21:41:50.749948
Ipsam,Grocery,Britannia,1830.67,1003.93,2025-09-15 21:17:26,2026-09-20 21:41:50.750089
Adipisci,Personal Care,Tata,1918.39,1175.31,2025-07-04 03:19:44,2026-09-20 21:41:50.750150
Occaecati,Personal Care,Nestle,939.39,544.67,2024-09-25 08:57:55,2026-09-20 21:41:50.750201
Quisquam,Grocery,Himalaya,1115.58,618.31,2026-07-24 23:45:37,2026-09-20 21:41:50.750248
Repudiandae,Food,Tata,1719.49,1153.22,2026-02-11 22:01:19,2026-09-20 21:41:50.750293
Sed,Personal Care,Himalaya,736.77,501.76,2025-05-22 20:50:35,2026-09-20 21:41:50.750336
Illo,Home Care,Nestle,875.79,632.86,2025-04-28 19:25:24,2026-09-20 21:41:50.750381
Corrupti,Grocery,Britannia,1738.02,918.78,2024-12-09 06:16:43,2026-09-20 21:41:50.750424
Consequatur,Home Care,ITC,399.79,224.63,2025-07-27 14:09:21,2026-09-20 21:41:50.750468
Quae,Beverages,Himalaya,1923.02,1428.77,2026-07-24 19:48:59,2026-09-20 21:41:50.750510
Natus,Home Care,Nestle,1898.99,1476.87,2025-12-07 10:22:39,2026-09-20 21:41:50.750554
Reiciendis,Grocery,Britannia,1507.2,1178.48,2026-05-02 15:20:18,2026-09-20 21:41:50.750598
Enim,Personal Care,Tata,1862.53,1138.85,2024-12-17 20:53:44,2026-09-20 21:41:50.750656
Soluta,Home Care,Tata,1759.54,1196.38,2025-12-14 19:47:25,2026-09-20 21:41:50.750697
Consectetur,Beverages,Himalaya,47.27,26.34,2026-07-27 13:55:48,2026-09-20 21:41:50.750732
Ad,Home Care,Himalaya,1569.53,1245.08,2026-01-04 23:53:26,2026-09-20 21:41:50.750767
Quam,Food,Nestle,460.92,246.31,2026-01-12 09:09:51,2026-09-20 21:41:50.750805
Adipisci,Beverages,Himalaya,563.88,447.56,2025-04-22 10:36:53,2026-09-20 21:41:50.750924
Ut,Grocery,Himalaya,399.89,272.7,2024-10-24 11:39:51,2026-09-20 21:41:50.751000
Temporibus,Beverages,Himalaya,1071.88,756.5,2026-01-17 19:03:13,2026-09-20 21:41:50.751073
Quae,Food,Tata Tea,1100.71,565.55,2025-12-08 08:17:56,2026-09-20 21:41:50.751122
Soluta,Food,ITC,92.88,58.42,2025-06-28 02:10:58,2026-09-20 21:41:50.751165
Nesciunt,Personal Care,ITC,156.78,81.79,2025-05-14 01:14:41,2026-09-20 21:41:50.751209
Voluptatum,Beverages,Nestle,233.0,126.32,2025-08-01 13:56:24,2026-09-20 21:41:50.751253
Autem,Personal Care,ITC,220.42,111.4,2024-11-23 21:11:45,2026-09-20 21:41:50.751296
Nesciunt,Grocery,Nestle,948.81,547.03,2026-02-04 01:43:33,2026-09-20 21:41:50.751340
Quae,Grocery,Britannia,1216.02,651.29,2025-06-24 02:46:38,2026-09-20 21:41:50.751383
Quod,Beverages,Britannia,1699.11,1049.59,2024-09-21 21:04:05,2026-09-20 21:41:50.751426
Eveniet,Grocery,Tata Tea,408.75,229.99,2026-03-01 23:49:03,2026-09-20 21:41:50.751469
Vel,Beverages,Tata Tea,1737.33,1033.73,2024-09-26 02:13:00,2026-09-20 21:41:50.751511
Est,Home Care,ITC,1219.35,923.33,2026-05-11 21:43:06,2026-09-20 21:41:50.751554
Minus,Personal Care,Tata,356.67,203.05,2026-05-05 21:25:10,2026-09-20 21:41:50.751597
Laboriosam,Personal Care,Tata Tea,824.88,581.05,2025-01-28 06:16:01,2026-09-20 21:41:50.751641
Delectus,Beverages,Tata Tea,1467.49,738.97,2025-06-03 07:24:59,2026-09-20 21:41:50.751684
Voluptates,Home Care,Nestle,1137.15,658.95,2025-01-16 22:34:06,2026-09-20 21:41:50.751727
Rem,Home Care,Britannia,1322.07,773.5,2024-11-05 08:53:22,2026-09-20 21:41:50.751770
Vitae,Beverages,ITC,677.97,490.2,2026-05-06 04:38:54,2026-09-20 21:41:50.751812
Praesentium,Home Care,Tata,1719.6,1217.19,2025-04-27 16:28:00,2026-09-20 21:41:50.751855
Dolor,Beverages,Himalaya,1404.91,895.95,2025-02-02 23:17:16,2026-09-20 21:41:50.751905
Occaecati,Grocery,Nestle,236.53,135.79,2025-10-13 07:30:54,2026-09-20 21:41:50.751945
Consectetur,Food,Britannia,501.77,362.0,2026-01-09 12:11:03,2026-09-20 21:41:50.751980
Molestias,Personal Care,Tata Tea,709.37,358.21,2026-07-12 04:33:08,2026-09-20 21:41:50.752014
Id,Food,ITC,1329.68,891.93,2025-06-09 02:55:26,2026-09-20 21:41:50.752048
Perferendis,Beverages,Tata,1941.82,1479.56,2024-10-02 07:09:51,2026-09-20 21:41:50.752081
Vel,Grocery,Tata,457.33,238.84,2026-08-07 08:35:43,2026-09-20 21:41:50.752114
Corrupti,Personal Care,Tata Tea,882.06,531.78,2026-08-12 15:15:08,2026-09-20 21:41:50.752147
Soluta,Grocery,Britannia,373.62,191.36,2026-02-23 01:47:41,2026-09-20 21:41:50.752180
Laudantium,Personal Care,Tata Tea,1912.68,1351.41,2024-11-14 11:32:02,2026-09-20 21:41:50.752212
Excepturi,Beverages,Britannia,1741.0,962.34,2024-09-26 22:23:38,2026-09-20 21:41:50.752245
Neque,Personal Care,Nestle,606.14,358.83,2026-07-31 12:50:06,2026-09-20 21:41:50.752278
Nobis,Grocery,Tata Tea,587.65,402.27,2026-04-06 21:45:28,2026-09-20 21:41:50.752311
Fuga,Food,ITC,480.08,286.23,2025-02-11 06:28:37,2026-09-20 21:41:50.752343
Repellendus,Food,Britannia,458.46,256.96,2024-12-21 21:34:28,2026-09-20 21:41:50.752376
Mollitia,Personal Care,Tata,1643.89,1162.78,2026-01-08 04:43:39,2026-09-20 21:41:50.752409
Repudiandae,Food,Tata,445.42,319.91,2024-12-01 04:48:34,2026-09-20 21:41:50.752442
Assumenda,Home Care,ITC,822.83,640.91,2026-03-12 11:22:24,2026-09-20 21:41:50.752474
Sit,Home Care,Himalaya,440.11,351.96,2026-05-31 18:46:04,2026-09-20 21:41:50.752507
Accusamus,Beverages,Tata Tea,1309.88,932.18,2026-04-17 07:33:18,2026-09-20 21:41:50.752539
Recusandae,Grocery,Nestle,1620.65,1173.14,2025-11-01 06:22:04,2026-09-20 21:41:50.752572
Nihil,Home Care,Tata Tea,1634.99,1251.28,2026-07-20 21:14:12,2026-09-20 21:41:50.752604
Voluptates,Grocery,Tata,74.1,44.74,2025-12-04 17:26:40,2026-09-20 21:41:50.752640
Eveniet,Personal Care,Tata,1639.45,952.2,2026-02-04 20:25:01,2026-09-20 21:41:50.752672
Harum,Personal Care,ITC,1955.99,1427.45,2026-03-11 01:59:57,2026-09-20 21:41:50.752704
Ratione,Grocery,Britannia,1212.44,950.1,2026-05-02 03:23:41,2026-09-20 21:41:50.752737
Aspernatur,Grocery,ITC,187.36,97.5,2025-05-25 03:50:11,2026-09-20 21:41:50.752772
Fuga,Grocery,Tata,1033.44,643.27,2025-06-15 19:41:40,2026-09-20 21:41:50.752804
Ut,Personal Care,ITC,128.54,79.01,2025-04-06 15:40:07,2026-09-20 21:41:50.752836
Tempora,Food,Himalaya,97.35,55.55,2025-06-06 23:11:49,2026-09-20 21:41:50.752868
Rem,Personal Care,Himalaya,164.63,113.24,2026-07-31 19:35:13,2026-09-20 21:41:50.752913
Porro,Personal Care,Nestle,525.15,271.15,2025-06-30 21:00:27,2026-09-20 21:41:50.752959
Corporis,Personal Care,Nestle,773.8,403.58,2025-07-22 06:27:44,2026-09-20 21:41:50.753003
Sequi,Grocery,Tata,1641.49,1191.75,2026-04-27 20:58:50,2026-09-20 21:41:50.753047
Totam,Beverages,Himalaya,876.95,535.33,2025-11-15 14:58:43,2026-09-20 21:41:50.753090
Dolorum,Beverages,Tata Tea,299.94,160.01,2025-09-09 07:14:18,2026-09-20 21:41:50.753133
Sapiente,Beverages,Tata Tea,1337.11,940.1,2026-08-14 13:24:12,2026-09-20 21:41:50.753175
Ipsam,Food,ITC,552.18,356.67,2026-07-30 13:51:19,2026-09-20 21:41:50.753217
Culpa,Personal Care,Britannia,908.7,477.18,2025-06-09 01:49:57,2026-09-20 21:41:50.753259
Veniam,Grocery,Nestle,531.2,365.87,2024-12-14 13:53:21,2026-09-20 21:41:50.753301
Facilis,Grocery,Tata,489.25,347.55,2025-04-16 18:51:26,2026-09-20 21:41:50.753344
Exercitationem,Food,Himalaya,212.06,140.27,2024-11-26 11:47:27,2026-09-20 21:41:50.753388
Magnam,Grocery,Tata,1342.68,746.96,2026-03-07 16:47:42,2026-09-20 21:41:50.753431
Possimus,Personal Care,ITC,1140.8,774.02,2025-07-05 00:54:28,2026-09-20 21:41:50.753474
Illum,Personal Care,Nestle,458.36,301.33,2025-10-08 15:06:54,2026-09-20 21:41:50.753517
Deserunt,Home Care,Nestle,877.48,525.58,2025-07-19 17:11:49,2026-09-20 21:41:50.753560
Optio,Personal Care,Tata,499.72,336.5,2025-12-30 11:21:15,2026-09-20 21:41:50.753602
Nam,Personal Care,Nestle,653.55,384.71,2026-01-25 18:07:13,2026-09-20 21:41:50.753644
Nam,Food,Himalaya,1351.52,940.32,2026-08-08 01:32:07,2026-09-20 21:41:50.753687
Asperiores,Home Care,Tata,1700.36,885.04,2026-06-13 08:11:49,2026-09-20 21:41:50.753730
Ipsum,Beverages,Tata,1773.6,1214.58,2025-08-08 08:03:25,2026-09-20 21:41:50.753772
Ab,Beverages,Nestle,1091.09,779.51,2025-08-18 17:00:23,2026-09-20 21:41:50.753815
Praesentium,Home Care,Britannia,549.32,392.68,2025-09-16 00:12:29,2026-09-20 21:41:50.753859
Error,Food,Tata,1394.1,1012.18,2026-06-06 18:00:39,2026-09-20 21:41:50.753902
Ad,Beverages,ITC,405.8,323.72,2026-01-22 06:54:03,2026-09-20 21:41:50.753945
Perferendis,Food,Britannia,73.34,53.7,2025-11-16 10:18:40,2026-09-20 21:41:50.753988
Id,Home Care,Nestle,888.3,459.12,2025-04-26 21:57:34,2026-09-20 21:41:50.754030
Est,Personal Care,Tata,1178.51,784.56,2025-08-24 17:30:37,2026-09-20 21:41:50.754073
Harum,Home Care,Himalaya,1720.92,1172.29,2026-02-15 00:28:40,2026-09-20 21:41:50.754116
Harum,Home Care,Tata,1707.53,1119.34,2026-05-26 21:04:09,2026-09-20 21:41:50.754159
Quae,Grocery,Nestle,1151.58,815.97,2024-11-25 04:55:27,2026-09-20 21:41:50.754201
Cumque,Home Care,Tata,242.39,176.64,2025-01-09 19:18:59,2026-09-20 21:41:50.754243
Aliquid,Home Care,Tata Tea,210.59,128.58,2025-06-03 12:57:41,2026-09-20 21:41:50.754286
Quam,Home Care,Tata Tea,141.17,88.08,2025-03-13 06:45:44,2026-09-20 21:41:50.754328
Magni,Home Care,Nestle,1972.08,1565.26,2025-02-26 07:27:12,2026-09-20 21:41:50.754371
Soluta,Grocery,Nestle,1726.59,1341.57,2025-06-21 01:32:18,2026-09-20 21:41:50.754413
Reprehenderit,Beverages,Tata Tea,207.38,118.42,2025-01-11 02:14:49,2026-09-20 21:41:50.754456
Sunt,Personal Care,Britannia,1361.39,796.67,2025-12-10 10:59:01,2026-09-20 21:41:50.754499
Quia,Home Care,ITC,986.89,589.55,2026-04-21 21:47:01,2026-09-20 21:41:50.754542
Praesentium,Beverages,Himalaya,1178.04,764.42,2025-03-10 16:11:28,2026-09-20 21:41:50.754585
Reiciendis,Grocery,Himalaya,1346.4,866.29,2026-01-15 13:26:28,2026-09-20 21:41:50.754628
Veniam,Grocery,Nestle,1667.64,1030.07,2026-01-07 03:29:45,2026-09-20 21:41:50.754670
Porro,Beverages,Tata Tea,1428.92,834.59,2026-04-18 11:04:41,2026-09-20 21:41:50.754713
In,Personal Care,Himalaya,380.46,211.35,2026-03-18 06:39:14,2026-09-20 21:41:50.754755
Velit,Personal Care,Himalaya,1533.04,1174.44,2026-07-21 19:01:19,2026-09-20 21:41:50.754797
Totam,Personal Care,Nestle,1363.47,795.5,2025-11-28 12:29:54,2026-09-20 21:41:50.754839
Quo,Personal Care,ITC,477.89,381.58,2025-07-05 11:41:03,2026-09-20 21:41:50.754882
Dignissimos,Personal Care,Tata,87.51,51.1,2025-06-04 06:32:43,2026-09-20 21:41:50.754924
Quisquam,Grocery,Tata,912.78,498.04,2026-01-10 11:00:49,2026-09-20 21:41:50.754966
Minima,Beverages,Nestle,1534.58,1082.36,2025-02-21 08:09:41,2026-09-20 21:41:50.755009
Repellendus,Personal Care,Britannia,934.08,476.36,2026-09-16 19:03:45,2026-09-20 21:41:50.755051
Ipsam,Food,ITC,1839.34,976.5,2024-11-23 17:06:16,2026-09-20 21:41:50.755094
Quibusdam,Home Care,ITC,1423.54,779.85,2026-07-25 20:26:20,2026-09-20 21:41:50.755136
Totam,Home Care,Tata Tea,451.0,303.87,2024-11-18 15:47:52,2026-09-20 21:41:50.755179
Commodi,Home Care,Himalaya,379.27,297.61,2025-05-29 03:12:27,2026-09-20 21:41:50.755221
Minima,Grocery,Tata Tea,684.96,515.6,2025-01-24 23:43:10,2026-09-20 21:41:50.755263
Quas,Grocery,Britannia,1497.17,765.37,2026-08-12 16:28:43,2026-09-20 21:41:50.755306
Occaecati,Personal Care,Nestle,253.65,196.1,2026-01-16 11:55:25,2026-09-20 21:41:50.755348
Commodi,Home Care,ITC,1152.34,739.67,2025-08-22 13:42:47,2026-09-20 21:41:50.755391
Omnis,Grocery,Britannia,1125.42,828.34,2025-04-06 08:03:11,2026-09-20 21:41:50.755433
Aperiam,Beverages,Tata,425.77,295.74,2025-10-16 16:49:53,2026-09-20 21:41:50.755477
Molestias,Beverages,Himalaya,799.75,582.67,2026-03-30 20:11:47,2026-09-20 21:41:50.755520
Ex,Personal Care,Nestle,891.1,712.76,2026-05-16 08:00:32,2026-09-20 21:41:50.755562
Quisquam,Food,Tata Tea,283.41,212.65,2025-02-27 22:23:05,2026-09-20 21:41:50.755605
Necessitatibus,Food,Nestle,1603.83,1099.68,2026-05-07 22:04:47,2026-09-20 21:41:50.755648
Recusandae,Beverages,Britannia,1328.55,829.6,2026-07-21 21:31:04,2026-09-20 21:41:50.755690
Architecto,Home Care,Britannia,1755.47,988.83,2026-08-06 21:40:05,2026-09-20 21:41:50.755733
Commodi,Personal Care,Nestle,73.39,49.38,2025-03-04 07:15:51,2026-09-20 21:41:50.755775
Laboriosam,Home Care,Tata,1245.51,831.39,2025-03-30 16:53:09,2026-09-20 21:41:50.755818
Necessitatibus,Personal Care,Tata Tea,653.28,485.11,2024-10-28 04:39:22,2026-09-20 21:41:50.755870
Autem,Home Care,Himalaya,979.18,557.81,2024-10-30 12:32:00,2026-09-20 21:41:50.755916
Eaque,Personal Care,Tata Tea,570.36,369.0,2025-06-11 03:08:25,2026-09-20 21:41:50.755959
Omnis,Food,Tata Tea,1319.75,821.7,2025-07-13 21:19:44,2026-09-20 21:41:50.756002
Possimus,Grocery,Himalaya,1404.9,1084.95,2025-10-17 06:54:02,2026-09-20 21:41:50.756045
Ex,Food,Tata,1111.26,609.44,2025-04-28 06:56:23,2026-09-20 21:41:50.756088
Architecto,Food,Tata Tea,1316.87,739.67,2024-10-24 06:15:08,2026-09-20 21:41:50.756130
Asperiores,Home Care,Himalaya,1315.61,922.19,2025-09-29 17:51:47,2026-09-20 21:41:50.756173
Nemo,Grocery,Himalaya,1035.6,786.32,2025-11-16 00:15:23,2026-09-20 21:41:50.756215
Tenetur,Food,Tata,1333.56,941.67,2026-09-05 22:59:21,2026-09-20 21:41:50.756258
Aliquid,Grocery,Britannia,1622.54,1136.92,2024-10-30 03:53:10,2026-09-20 21:41:50.756300
Molestias,Personal Care,Himalaya,1024.06,768.11,2026-05-30 17:40:55,2026-09-20 21:41:50.756342
Officia,Personal Care,Nestle,1742.05,1040.65,2025-08-14 16:30:30,2026-09-20 21:41:50.756384
Voluptas,Grocery,Britannia,1019.08,728.76,2026-05-21 05:02:47,2026-09-20 21:41:50.756427
Cupiditate,Personal Care,Tata Tea,1907.84,988.15,2026-05-07 23:59:17,2026-09-20 21:41:50.756469
Ipsam,Beverages,Britannia,1064.38,599.51,2024-12-06 10:55:48,2026-09-20 21:41:50.756512
Maxime,Grocery,Tata Tea,422.64,233.89,2026-02-24 16:30:48,2026-09-20 21:41:50.756555
Deserunt,Home Care,Tata Tea,1914.82,1260.63,2026-07-17 05:36:33,2026-09-20 21:41:50.756598
Corporis,Home Care,ITC,475.12,357.03,2024-11-18 13:30:41,2026-09-20 21:41:50.756641
Repudiandae,Food,Nestle,868.3,620.06,2024-12-13 14:12:33,2026-09-20 21:41:50.756684
Facilis,Personal Care,Nestle,1353.56,716.29,2025-10-09 22:14:22,2026-09-20 21:41:50.756726
Labore,Food,Britannia,116.44,80.74,2026-07-25 10:17:49,2026-09-20 21:41:50.756769
Velit,Food,Tata,1215.85,668.52,2025-01-06 10:42:06,2026-09-20 21:41:50.756815
Nihil,Personal Care,ITC,154.79,119.14,2025-10-19 23:33:28,2026-09-20 21:41:50.756862
Cupiditate,Personal Care,Britannia,1529.93,1083.87,2025-09-24 00:58:31,2026-09-20 21:41:50.756905
Ullam,Food,Himalaya,1910.13,966.27,2026-07-24 06:26:38,2026-09-20 21:41:50.756948
Incidunt,Beverages,Tata Tea,1822.92,940.23,2025-02-04 06:44:31,2026-09-20 21:41:50.756990
Quia,Home Care,Tata Tea,50.31,32.12,2025-11-16 10:48:13,2026-09-20 21:41:50.757040
Vitae,Beverages,Nestle,245.46,194.63,2025-01-18 14:42:34,2026-09-20 21:41:50.757079
Eius,Grocery,Himalaya,293.03,227.43,2026-08-18 18:26:58,2026-09-20 21:41:50.757113
Illum,Home Care,Tata Tea,1122.66,832.56,2026-02-03 16:20:39,2026-09-20 21:41:50.757165
Est,Grocery,ITC,451.64,274.93,2025-02-28 10:42:40,2026-09-20 21:41:50.757198
Hic,Food,Tata Tea,814.06,573.34,2026-07-12 14:11:29,2026-09-20 21:41:50.757231
Quasi,Home Care,Tata Tea,1917.05,1323.87,2025-02-26 09:17:39,2026-09-20 21:41:50.757264
Impedit,Home Care,Britannia,1541.56,940.44,2025-08-22 20:33:22,2026-09-20 21:41:50.757297
Distinctio,Grocery,Tata,1617.07,1051.11,2026-02-11 10:03:15,2026-09-20 21:41:50.757330
Voluptate,Beverages,Nestle,655.45,437.0,2025-11-08 13:18:29,2026-09-20 21:41:50.757363
Rem,Personal Care,Nestle,666.97,350.58,2025-04-17 19:23:59,2026-09-20 21:41:50.757395
Officiis,Home Care,Britannia,368.81,275.1,2025-03-09 05:50:28,2026-09-20 21:41:50.757429
Iusto,Home Care,Tata,1435.49,879.95,2025-10-31 18:40:14,2026-09-20 21:41:50.757461
Distinctio,Home Care,Himalaya,1694.81,1279.51,2025-07-09 01:09:29,2026-09-20 21:41:50.757494
Voluptas,Home Care,Himalaya,1810.65,1377.6,2025-11-01 13:55:44,2026-09-20 21:41:50.757527
In,Personal Care,Tata,1250.71,733.65,2025-02-08 22:16:58,2026-09-20 21:41:50.757559
Excepturi,Beverages,Himalaya,1861.21,1234.35,2026-06-01 16:43:01,2026-09-20 21:41:50.757592
Fuga,Beverages,Tata Tea,306.58,170.64,2026-05-29 15:02:32,2026-09-20 21:41:50.757624
Ipsam,Home Care,Nestle,1986.42,1310.51,2026-05-16 23:21:30,2026-09-20 21:41:50.757656
Maiores,Food,Britannia,1524.52,899.81,2024-09-28 04:54:24,2026-09-20 21:41:50.757688
Quod,Personal Care,Britannia,466.79,319.62,2025-11-16 10:48:13,2026-09-20 21:41:50.757720
Minima,Grocery,Himalaya,415.32,259.02,2026-03-22 04:02:35,2026-09-20 21:41:50.757753
Quidem,Home Care,Tata,463.61,314.38,2024-09-20 15:17:27,2026-09-20 21:41:50.757785
Deserunt,Food,ITC,208.91,142.08,2025-02-27 06:23:50,2026-09-20 21:41:50.757817
Asperiores,Home Care,Nestle,1538.15,929.06,2025-02-03 15:13:41,2026-09-20 21:41:50.757849
Quasi,Food,Tata Tea,481.32,380.0,2026-08-16 06:12:50,2026-09-20 21:41:50.757882
Incidunt,Food,Nestle,673.91,503.99,2025-03-14 14:38:46,2026-09-20 21:41:50.757914
Repellat,Beverages,Britannia,1739.04,875.33,2026-04-28 03:14:55,2026-09-20 21:41:50.757946
Laudantium,Beverages,Tata,432.56,267.53,2025-11-24 03:26:00,2026-09-20 21:41:50.758009
Expedita,Home Care,Britannia,1762.8,1391.06,2025-01-14 10:02:38,2026-09-20 21:41:50.758073
Illo,Grocery,Britannia,1320.95,858.06,2025-05-23 05:18:38,2026-09-20 21:41:50.758109
Esse,Personal Care,Nestle,322.47,250.1,2026-01-22 19:09:35,2026-09-20 21:41:50.758144
Libero,Beverages,Nestle,1061.68,635.71,2026-06-24 04:03:23,2026-09-20 21:41:50.758177
Eveniet,Personal Care,ITC,1588.75,1134.77,2026-08-31 09:40:58,2026-09-20 21:41:50.758210
Sequi,Home Care,Nestle,559.02,378.76,2025-07-24 06:32:51,2026-09-20 21:41:50.758245
Aperiam,Grocery,Tata Tea,1275.12,870.32,2025-10-20 07:12:31,2026-09-20 21:41:50.758280
Quibusdam,Food,Tata Tea,1024.3,614.53,2025-10-11 17:00:51,2026-09-20 21:41:50.758314
Harum,Food,ITC,20.38,12.46,2025-04-02 19:42:10,2026-09-20 21:41:50.758348
Perspiciatis,Grocery,Himalaya,526.44,408.43,2026-03-11 19:17:12,2026-09-20 21:41:50.758381
Quaerat,Home Care,Himalaya,1329.08,748.8,2024-12-09 22:54:02,2026-09-20 21:41:50.758414
Nemo,Grocery,Himalaya,339.8,235.02,2026-09-17 21:36:04,2026-09-20 21:41:50.758446
Excepturi,Grocery,Nestle,1264.66,836.92,2026-08-24 08:45:42,2026-09-20 21:41:50.758479
Mollitia,Home Care,Himalaya,1638.98,853.5,2026-06-06 03:29:15,2026-09-20 21:41:50.758512
Ea,Beverages,ITC,550.02,331.51,2025-03-19 10:52:04,2026-09-20 21:41:50.758544
Error,Personal Care,Tata,273.8,164.26,2024-12-05 17:51:53,2026-09-20 21:41:50.758577
Iure,Food,Nestle,1962.74,1317.78,2026-04-06 14:39:26,2026-09-20 21:41:50.758610
Culpa,Home Care,Nestle,240.88,178.86,2025-11-25 11:16:00,2026-09-20 21:41:50.758642
Est,Food,Tata Tea,1069.68,579.37,2025-08-01 01:13:33,2026-09-20 21:41:50.758674
Culpa,Food,ITC,1643.8,1242.87,2025-09-17 22:42:15,2026-09-20 21:41:50.758706
Ea,Personal Care,Himalaya,1433.15,797.28,2026-06-08 09:26:10,2026-09-20 21:41:50.758738
Molestias,Home Care,ITC,307.82,197.44,2025-11-04 20:25:45,2026-09-20 21:41:50.758771
Sunt,Home Care,Himalaya,1139.91,856.96,2025-09-26 13:00:00,2026-09-20 21:41:50.758803
Minima,Food,Tata,1295.16,873.35,2025-01-30 00:05:42,2026-09-20 21:41:50.758835
Repellendus,Home Care,Himalaya,1444.91,1121.41,2026-07-18 12:49:29,2026-09-20 21:41:50.758868
Iure,Home Care,Himalaya,1029.09,613.76,2024-11-04 08:46:17,2026-09-20 21:41:50.758900
Reprehenderit,Beverages,Himalaya,427.95,340.32,2025-12-11 18:17:18,2026-09-20 21:41:50.758932
Vitae,Food,ITC,757.37,501.18,2026-02-16 00:53:21,2026-09-20 21:41:50.758964
Vero,Home Care,Britannia,1755.82,1210.22,2024-12-15 11:10:24,2026-09-20 21:41:50.758997
Ipsa,Beverages,ITC,453.44,349.37,2026-01-06 09:08:47,2026-09-20 21:41:50.759044
Quibusdam,Home Care,Britannia,1718.74,1360.35,2025-11-02 19:06:29,2026-09-20 21:41:50.759132
Cumque,Beverages,ITC,1476.37,951.64,2025-09-11 05:50:37,2026-09-20 21:41:50.759201
Soluta,Beverages,Nestle,1127.8,579.77,2026-07-14 15:47:18,2026-09-20 21:41:50.759247
Magni,Home Care,ITC,1229.24,621.18,2025-02-21 07:21:06,2026-09-20 21:41:50.759290
Blanditiis,Food,Nestle,921.1,729.33,2025-07-20 04:37:07,2026-09-20 21:41:50.759334
Praesentium,Beverages,ITC,1019.81,538.03,2026-07-27 20:58:17,2026-09-20 21:41:50.759377
Ullam,Personal Care,ITC,1849.13,1335.06,2026-01-30 00:31:51,2026-09-20 21:41:50.759420
Quia,Food,Tata Tea,1772.51,936.61,2025-08-02 01:53:44,2026-09-20 21:41:50.759463
Nam,Food,Tata Tea,386.49,285.98,2024-12-15 07:07:03,2026-09-20 21:41:50.759506
Iste,Personal Care,Himalaya,1658.92,1153.65,2026-04-27 14:03:39,2026-09-20 21:41:50.759549
Dolorum,Beverages,Nestle,1447.29,825.7,2026-08-12 06:25:45,2026-09-20 21:41:50.759592
Magni,Food,Tata,624.99,442.78,2024-11-29 21:42:34,2026-09-20 21:41:50.759634
Perferendis,Food,Tata Tea,839.7,660.66,2025-02-26 19:21:20,2026-09-20 21:41:50.759677
Assumenda,Personal Care,Tata Tea,399.84,240.74,2026-07-12 11:06:38,2026-09-20 21:41:50.759721
Deleniti,Home Care,ITC,238.18,160.19,2025-11-17 06:24:27,2026-09-20 21:41:50.759764
Commodi,Personal Care,Tata Tea,1438.86,977.4,2026-08-28 10:49:22,2026-09-20 21:41:50.759807
Dolor,Food,Nestle,601.52,437.33,2026-06-03 08:57:53,2026-09-20 21:41:50.759850
Architecto,Home Care,ITC,828.31,476.94,2026-08-10 23:21:03,2026-09-20 21:41:50.759893
Ad,Home Care,Himalaya,1665.01,1283.67,2025-09-23 09:42:12,2026-09-20 21:41:50.759935
Aspernatur,Personal Care,Himalaya,1748.1,1060.61,2025-10-26 03:31:52,2026-09-20 21:41:50.759978
Expedita,Food,ITC,1538.16,999.91,2025-08-28 07:00:37,2026-09-20 21:41:50.760022
Ipsum,Home Care,Tata,1927.59,1043.13,2025-01-14 10:28:36,2026-09-20 21:41:50.760064
Quae,Home Care,Himalaya,1525.06,860.41,2026-05-22 18:38:08,2026-09-20 21:41:50.760107
Enim,Personal Care,Britannia,1914.01,1393.45,2024-10-11 11:53:13,2026-09-20 21:41:50.760157
Laudantium,Food,Nestle,614.6,360.14,2025-12-28 19:08:10,2026-09-20 21:41:50.760194
Velit,Grocery,Himalaya,397.3,225.73,2025-11-15 11:14:08,2026-09-20 21:41:50.760228
Nam,Personal Care,Britannia,230.9,127.38,2025-12-07 01:49:25,2026-09-20 21:41:50.760262
Voluptates,Grocery,Nestle,731.06,421.79,2025-12-25 16:36:41,2026-09-20 21:41:50.760295
Quos,Food,Himalaya,939.74,666.79,2026-05-13 23:53:15,2026-09-20 21:41:50.760328
Dignissimos,Personal Care,Himalaya,158.92,108.2,2025-12-29 04:14:22,2026-09-20 21:41:50.760361
Neque,Beverages,Tata Tea,1855.44,1307.48,2026-08-02 20:17:50,2026-09-20 21:41:50.760394
Accusantium,Personal Care,ITC,829.33,584.15,2025-01-12 09:11:44,2026-09-20 21:41:50.760427
Quaerat,Grocery,Tata Tea,400.22,224.52,2024-12-10 20:18:27,2026-09-20 21:41:50.760460
Corrupti,Personal Care,Himalaya,1889.25,1064.61,2025-08-23 19:40:36,2026-09-20 21:41:50.760495
Tempora,Personal Care,Tata,1737.03,1313.28,2025-03-01 12:06:44,2026-09-20 21:41:50.760528
Labore,Grocery,Britannia,597.36,363.14,2025-08-03 12:38:59,2026-09-20 21:41:50.760561
Ducimus,Food,Tata Tea,933.53,597.16,2026-02-06 10:33:56,2026-09-20 21:41:50.760593
Laudantium,Beverages,Nestle,1804.07,1106.53,2025-12-14 03:40:56,2026-09-20 21:41:50.760626
Nesciunt,Beverages,Britannia,261.91,159.52,2026-05-25 03:48:34,2026-09-20 21:41:50.760659
Autem,Grocery,Tata,538.45,406.05,2024-12-05 11:41:46,2026-09-20 21:41:50.760692
Accusantium,Grocery,Nestle,319.85,205.58,2025-05-07 06:54:38,2026-09-20 21:41:50.760724
Facere,Grocery,Tata,1297.3,1023.08,2025-04-09 08:45:52,2026-09-20 21:41:50.760757
At,Grocery,Britannia,919.13,488.24,2024-10-12 23:10:20,2026-09-20 21:41:50.760789
Quod,Grocery,ITC,1987.46,1579.54,2024-12-31 23:33:07,2026-09-20 21:41:50.760821
Corrupti,Personal Care,Tata Tea,1489.28,947.84,2025-07-12 19:30:37,2026-09-20 21:41:50.760854
Ab,Personal Care,Britannia,763.09,521.23,2025-08-05 07:38:27,2026-09-20 21:41:50.760886
Blanditiis,Grocery,ITC,1400.14,711.33,2026-06-06 21:49:35,2026-09-20 21:41:50.760918
Aspernatur,Home Care,ITC,1215.18,897.64,2026-03-02 07:29:31,2026-09-20 21:41:50.760952
Fugit,Grocery,Tata Tea,1410.08,871.49,2025-04-05 06:48:54,2026-09-20 21:41:50.760984
Commodi,Grocery,Nestle,394.47,209.86,2026-04-29 20:32:10,2026-09-20 21:41:50.761024
Earum,Beverages,ITC,900.65,612.31,2026-08-08 02:26:26,2026-09-20 21:41:50.761057
Enim,Food,Tata Tea,1426.99,961.82,2026-08-15 13:23:25,2026-09-20 21:41:50.761089
Ducimus,Beverages,ITC,1739.58,981.66,2026-05-19 02:32:47,2026-09-20 21:41:50.761132
Numquam,Personal Care,Tata Tea,1733.9,983.09,2026-02-09 14:25:19,2026-09-20 21:41:50.761178
Magni,Home Care,Himalaya,1430.94,818.11,2025-12-17 17:51:24,2026-09-20 21:41:50.761220
Quae,Personal Care,Nestle,1559.05,970.64,2025-05-24 18:01:50,2026-09-20 21:41:50.761263
Suscipit,Food,ITC,1247.88,893.43,2025-08-30 23:04:15,2026-09-20 21:41:50.761305
Error,Home Care,Himalaya,1724.74,873.82,2026-08-16 01:03:25,2026-09-20 21:41:50.761348
Eveniet,Personal Care,Himalaya,99.26,70.33,2025-04-02 21:52:17,2026-09-20 21:41:50.761391
Esse,Food,Tata,1800.52,1333.46,2026-08-15 09:38:50,2026-09-20 21:41:50.761433
Repellat,Home Care,Nestle,1104.84,854.27,2026-03-18 12:58:41,2026-09-20 21:41:50.761475
Cupiditate,Beverages,Tata Tea,1237.72,948.43,2026-07-19 13:50:25,2026-09-20 21:41:50.761518
Cupiditate,Grocery,Tata,320.43,219.25,2025-08-04 15:46:43,2026-09-20 21:41:50.761562
Vero,Food,Nestle,1605.72,1278.69,2025-12-02 02:03:59,2026-09-20 21:41:50.761604
Delectus,Personal Care,Nestle,672.07,525.99,2026-06-27 02:31:11,2026-09-20 21:41:50.761647
Architecto,Personal Care,Himalaya,1094.39,550.34,2026-09-10 19:19:13,2026-09-20 21:41:50.761691
Iste,Beverages,Britannia,1125.57,631.11,2025-07-15 15:42:42,2026-09-20 21:41:50.761733
Officiis,Food,Tata,958.48,513.64,2025-03-10 06:07:52,2026-09-20 21:41:50.761776
Culpa,Home Care,Britannia,430.67,328.3,2025-05-22 09:36:41,2026-09-20 21:41:50.761819
Perferendis,Food,Tata,548.43,339.89,2024-09-25 23:47:16,2026-09-20 21:41:50.761862
Iusto,Home Care,Himalaya,1748.67,935.23,2026-01-18 21:12:14,2026-09-20 21:41:50.761904
Reiciendis,Grocery,Tata Tea,783.53,433.32,2026-05-05 06:21:12,2026-09-20 21:41:50.761947
Repellendus,Beverages,Britannia,128.24,100.24,2025-08-20 07:43:16,2026-09-20 21:41:50.762013
Aperiam,Grocery,ITC,552.68,298.83,2024-09-24 10:34:46,2026-09-20 21:41:50.762065
Nam,Beverages,Tata,1384.15,713.95,2026-02-10 07:45:04,2026-09-20 21:41:50.762109
Quas,Home Care,Himalaya,970.69,722.47,2025-04-27 18:23:53,2026-09-20 21:41:50.762163
Eos,Grocery,Nestle,912.91,491.92,2024-12-17 19:52:54,2026-09-20 21:41:50.762207
Minus,Food,ITC,497.61,390.42,2025-08-05 23:45:44,2026-09-20 21:41:50.762250
Nemo,Beverages,Tata Tea,958.11,703.06,2026-08-11 06:48:19,2026-09-20 21:41:50.762292
Officiis,Grocery,Britannia,528.54,370.69,2025-02-22 07:44:44,2026-09-20 21:41:50.762336
Ad,Home Care,Himalaya,1046.94,785.06,2025-05-19 14:00:24,2026-09-20 21:41:50.762378
Aliquam,Personal Care,ITC,1979.73,1306.48,2025-04-08 00:20:38,2026-09-20 21:41:50.762421
Accusamus,Home Care,ITC,1615.95,975.61,2025-10-17 12:40:19,2026-09-20 21:41:50.762464
Autem,Home Care,Tata,1344.87,721.31,2026-03-07 15:19:57,2026-09-20 21:41:50.762506
Quod,Personal Care,Himalaya,1608.31,1235.95,2026-03-04 12:40:19,2026-09-20 21:41:50.762549
Nisi,Home Care,Britannia,150.25,111.37,2025-12-27 10:23:26,2026-09-20 21:41:50.762592
Molestias,Home Care,Himalaya,1282.27,852.64,2025-10-04 03:50:01,2026-09-20 21:41:50.762635
Ex,Home Care,Nestle,295.16,212.75,2025-01-06 17:59:28,2026-09-20 21:41:50.762678
Assumenda,Home Care,Tata Tea,1000.5,658.29,2025-07-20 21:11:01,2026-09-20 21:41:50.762720
Voluptates,Personal Care,Britannia,571.84,321.86,2026-09-10 22:52:41,2026-09-20 21:41:50.762767
Unde,Food,Tata,957.48,648.45,2026-02-15 08:38:18,2026-09-20 21:41:50.762809
Soluta,Beverages,ITC,1193.14,781.08,2026-03-14 06:23:28,2026-09-20 21:41:50.762852
Quo,Beverages,ITC,1266.19,997.81,2026-04-02 01:01:47,2026-09-20 21:41:50.762894
Odit,Grocery,Britannia,1297.05,937.36,2025-06-02 22:38:01,2026-09-20 21:41:50.762937
Odit,Personal Care,Himalaya,1094.89,823.68,2025-01-05 08:44:51,2026-09-20 21:41:50.762979
Dolores,Grocery,ITC,1965.7,1376.0,2024-10-02 18:46:50,2026-09-20 21:41:50.763022
At,Food,Himalaya,1166.18,823.64,2025-04-07 21:57:26,2026-09-20 21:41:50.763067
Vero,Home Care,Nestle,1386.85,817.09,2025-04-09 00:01:42,2026-09-20 21:41:50.763109
Ullam,Grocery,Tata Tea,1993.51,1089.09,2024-10-06 22:24:52,2026-09-20 21:41:50.763166
Nihil,Grocery,Tata Tea,1673.08,995.9,2024-12-12 10:06:42,2026-09-20 21:41:50.763209
In,Food,Tata,1173.26,613.66,2024-10-11 09:30:33,2026-09-20 21:41:50.763252
Maiores,Food,Tata Tea,361.76,262.25,2025-02-18 11:42:50,2026-09-20 21:41:50.763295
Voluptatibus,Beverages,Himalaya,321.26,216.13,2025-08-22 21:18:28,2026-09-20 21:41:50.763338
Odit,Home Care,ITC,866.19,677.01,2026-02-25 05:12:06,2026-09-20 21:41:50.763382
Veritatis,Food,Tata,574.89,400.32,2026-03-21 20:50:18,2026-09-20 21:41:50.763427
Quia,Home Care,Himalaya,835.78,588.77,2025-11-29 19:32:51,2026-09-20 21:41:50.763470
Provident,Beverages,Britannia,296.96,202.23,2025-12-04 17:12:23,2026-09-20 21:41:50.763513
Blanditiis,Grocery,Britannia,1332.8,720.46,2025-07-26 13:42:03,2026-09-20 21:41:50.763556
Ullam,Food,Britannia,1735.35,1199.11,2026-08-20 13:10:06,2026-09-20 21:41:50.763599
Esse,Personal Care,Britannia,1339.61,1069.65,2025-05-04 00:18:23,2026-09-20 21:41:50.763641
Velit,Food,Nestle,1190.29,817.39,2026-06-21 13:11:15,2026-09-20 21:41:50.763683
Quasi,Personal Care,Nestle,1315.38,916.1,2024-11-08 14:46:07,2026-09-20 21:41:50.763738
Reiciendis,Personal Care,Himalaya,1487.45,770.52,2026-01-10 20:25:13,2026-09-20 21:41:50.763782
Quas,Grocery,Himalaya,1780.93,1144.82,2026-02-20 16:33:32,2026-09-20 21:41:50.763826
Velit,Beverages,Himalaya,1093.52,745.78,2025-05-08 07:28:35,2026-09-20 21:41:50.763870
Fugit,Grocery,Himalaya,1327.96,831.96,2026-01-18 22:32:25,2026-09-20 21:41:50.763914
Magni,Home Care,Britannia,236.79,183.68,2025-08-31 08:33:03,2026-09-20 21:41:50.763957
Laboriosam,Home Care,Nestle,928.15,478.28,2025-07-23 01:01:31,2026-09-20 21:41:50.764000
Vel,Home Care,Britannia,1818.19,929.17,2025-02-16 06:21:06,2026-09-20 21:41:50.764043
Voluptatum,Beverages,ITC,397.22,314.81,2025-06-22 07:28:32,2026-09-20 21:41:50.764086
Exercitationem,Food,Tata Tea,672.37,472.12,2026-04-18 19:31:57,2026-09-20 21:41:50.764129
Quis,Grocery,Tata,1779.08,893.05,2026-06-15 18:06:36,2026-09-20 21:41:50.764172
Minus,Food,ITC,337.54,174.49,2025-09-25 15:51:13,2026-09-20 21:41:50.764215
Dolores,Home Care,Britannia,73.66,57.89,2026-07-08 06:18:35,2026-09-20 21:41:50.764257
Nihil,Home Care,Nestle,225.5,122.51,2025-10-06 08:57:34,2026-09-20 21:41:50.764300
Minus,Personal Care,Tata,1583.89,1199.94,2025-11-12 14:13:37,2026-09-20 21:41:50.764343
Aut,Beverages,Himalaya,501.03,256.64,2025-06-28 21:27:23,2026-09-20 21:41:50.764386
Illo,Beverages,Himalaya,965.12,610.54,2024-12-09 10:34:12,2026-09-20 21:41:50.764430
Doloremque,Beverages,Tata,994.74,725.59,2025-12-23 20:43:15,2026-09-20 21:41:50.764472
Voluptatem,Home Care,Nestle,176.75,133.22,2024-12-14 21:50:59,2026-09-20 21:41:50.764514
Quas,Food,Tata,1125.84,809.54,2024-12-19 00:31:59,2026-09-20 21:41:50.764557
Adipisci,Food,Tata Tea,642.02,488.89,2026-05-01 04:29:23,2026-09-20 21:41:50.764600
Aliquam,Beverages,Tata Tea,694.58,548.97,2026-04-10 01:49:54,2026-09-20 21:41:50.764642
Libero,Personal Care,ITC,229.31,164.88,2025-03-03 01:11:20,2026-09-20 21:41:50.764684
Dolorem,Home Care,Himalaya,1559.34,1246.17,2025-06-08 14:31:47,2026-09-20 21:41:50.764735
Ad,Food,Tata Tea,537.66,420.46,2026-07-28 05:17:06,2026-09-20 21:41:50.764771
Amet,Beverages,Nestle,44.66,30.84,2025-02-06 08:11:48,2026-09-20 21:41:50.764806
Pariatur,Food,ITC,55.76,40.21,2025-03-01 20:42:11,2026-09-20 21:41:50.764839
Eum,Grocery,Britannia,1600.22,1248.77,2025-09-23 17:48:13,2026-09-20 21:41:50.764887
Odio,Food,Nestle,1932.48,1440.75,2026-04-05 00:11:53,2026-09-20 21:41:50.764932
Expedita,Home Care,Britannia,94.01,47.91,2026-02-01 12:33:22,2026-09-20 21:41:50.764975
Id,Grocery,Tata,1977.17,1375.42,2025-10-26 11:40:51,2026-09-20 21:41:50.765017
Corrupti,Personal Care,ITC,1084.7,737.24,2026-06-25 11:32:01,2026-09-20 21:41:50.765062
Voluptatibus,Food,Tata Tea,1031.91,603.56,2025-10-30 20:33:03,2026-09-20 21:41:50.765105
Aut,Personal Care,Tata,617.58,408.81,2025-08-16 23:02:43,2026-09-20 21:41:50.765147
Eligendi,Personal Care,Himalaya,1281.02,647.75,2026-03-02 07:32:50,2026-09-20 21:41:50.765190
Odio,Food,Himalaya,486.19,342.95,2026-07-07 21:12:41,2026-09-20 21:41:50.765232
Modi,Personal Care,Tata,1604.19,1047.43,2026-02-06 12:34:19,2026-09-20 21:41:50.765274
Doloribus,Home Care,Tata Tea,1729.25,1243.95,2026-09-18 22:45:42,2026-09-20 21:41:50.765316
Facilis,Beverages,ITC,1749.79,1015.7,2025-11-19 21:37:23,2026-09-20 21:41:50.765359
Voluptatibus,Beverages,Himalaya,1762.95,1362.89,2026-08-03 03:15:43,2026-09-20 21:41:50.765402
Ipsam,Home Care,Tata,431.98,252.57,2025-09-10 09:31:48,2026-09-20 21:41:50.765444
Eos,Food,Tata,174.9,105.36,2025-01-02 18:01:02,2026-09-20 21:41:50.765486
Nostrum,Beverages,ITC,150.4,103.0,2025-03-23 06:06:20,2026-09-20 21:41:50.765528
Harum,Beverages,ITC,602.26,440.68,2025-11-14 04:28:42,2026-09-20 21:41:50.765570
Eaque,Beverages,Tata Tea,136.84,91.87,2025-10-29 13:17:21,2026-09-20 21:41:50.765612
Itaque,Grocery,Britannia,211.57,167.82,2026-01-09 07:07:00,2026-09-20 21:41:50.765655
Modi,Personal Care,Himalaya,1881.3,1198.65,2025-07-28 21:28:02,2026-09-20 21:41:50.765698
Dignissimos,Personal Care,Himalaya,196.85,155.57,2025-03-19 01:01:56,2026-09-20 21:41:50.765740
Enim,Personal Care,Tata,311.38,220.4,2024-12-26 06:58:34,2026-09-20 21:41:50.765782
Ullam,Grocery,Tata Tea,358.68,249.82,2025-04-20 18:33:25,2026-09-20 21:41:50.765826
Est,Personal Care,Nestle,432.7,319.83,2025-05-19 05:08:08,2026-09-20 21:41:50.765875
Enim,Beverages,Nestle,1008.13,634.73,2026-02-28 16:47:04,2026-09-20 21:41:50.765918
Magni,Food,ITC,1522.21,937.61,2025-08-30 07:50:14,2026-09-20 21:41:50.765953
Laboriosam,Home Care,Nestle,1391.83,944.92,2025-06-22 07:26:51,2026-09-20 21:41:50.765989
A,Personal Care,Nestle,381.91,280.3,2025-01-09 22:27:21,2026-09-20 21:41:50.766041
Recusandae,Food,ITC,416.11,251.34,2026-07-17 18:56:42,2026-09-20 21:41:50.766084
Minus,Grocery,Tata,1765.73,939.12,2025-04-02 10:34:53,2026-09-20 21:41:50.766127
Nesciunt,Food,Britannia,1432.16,1129.58,2026-07-12 23:59:05,2026-09-20 21:41:50.766169
Cupiditate,Personal Care,Britannia,1831.94,1353.27,2025-06-18 13:56:44,2026-09-20 21:41:50.766211
Neque,Beverages,ITC,982.78,706.54,2025-10-01 17:49:10,2026-09-20 21:41:50.766253
Deleniti,Personal Care,Britannia,1780.73,1009.32,2026-06-07 01:50:25,2026-09-20 21:41:50.766296
Tempora,Grocery,Himalaya,1159.17,911.87,2025-01-08 01:41:57,2026-09-20 21:41:50.766339
Expedita,Home Care,Himalaya,1378.45,991.95,2025-05-19 01:26:22,2026-09-20 21:41:50.766382
Fuga,Beverages,Nestle,70.38,43.13,2024-09-27 22:55:34,2026-09-20 21:41:50.766424
Iure,Food,Britannia,1261.95,862.56,2024-11-08 18:09:36,2026-09-20 21:41:50.766467
Libero,Beverages,Tata Tea,31.13,24.74,2025-06-18 09:48:05,2026-09-20 21:41:50.766509
Omnis,Personal Care,Tata,1712.07,1287.51,2025-03-01 10:13:14,2026-09-20 21:41:50.766554
Voluptates,Grocery,ITC,1186.14,659.54,2026-03-27 17:33:23,2026-09-20 21:41:50.766588
Perspiciatis,Food,Nestle,1367.68,982.13,2025-01-31 00:30:30,2026-09-20 21:41:50.766623
Omnis,Food,Nestle,463.22,234.75,2026-07-17 23:22:25,2026-09-20 21:41:50.766656
Eius,Home Care,ITC,1636.78,1076.05,2025-03-31 09:07:31,2026-09-20 21:41:50.766688
Suscipit,Personal Care,Tata Tea,1976.72,1477.12,2026-07-05 18:40:18,2026-09-20 21:41:50.766722
Error,Beverages,Nestle,578.76,327.41,2026-07-28 05:54:12,2026-09-20 21:41:50.766755
Natus,Food,Tata Tea,650.75,507.94,2025-08-28 02:19:35,2026-09-20 21:41:50.766787
At,Grocery,Tata Tea,1399.05,867.77,2026-01-30 04:11:56,2026-09-20 21:41:50.766819
Sequi,Grocery,Tata Tea,1120.6,888.22,2025-12-25 04:59:53,2026-09-20 21:41:50.766852
Cupiditate,Beverages,Britannia,1249.85,627.24,2024-12-31 08:27:17,2026-09-20 21:41:50.766884
Impedit,Beverages,Nestle,138.03,98.25,2025-12-31 23:53:52,2026-09-20 21:41:50.766917
Odio,Grocery,Himalaya,575.83,333.87,2025-11-03 07:40:47,2026-09-20 21:41:50.766950
Aperiam,Home Care,Tata,355.65,179.61,2026-04-01 18:15:50,2026-09-20 21:41:50.766982
Dolore,Food,Britannia,131.93,86.83,2026-05-22 13:10:04,2026-09-20 21:41:50.767063
Quas,Beverages,Britannia,551.36,313.24,2026-09-09 18:27:08,2026-09-20 21:41:50.767133
Doloremque,Food,Tata Tea,1210.11,891.64,2025-12-17 05:46:11,2026-09-20 21:41:50.767190
Quos,Personal Care,Nestle,495.21,262.39,2025-04-26 18:08:18,2026-09-20 21:41:50.767233
Porro,Food,ITC,892.39,708.57,2026-06-24 02:38:26,2026-09-20 21:41:50.767277
Accusantium,Personal Care,Tata,697.4,468.62,2026-01-25 13:03:11,2026-09-20 21:41:50.767320
Eaque,Food,Tata,1869.83,1319.13,2025-02-23 06:40:40,2026-09-20 21:41:50.767362
Nihil,Food,Britannia,549.68,415.28,2026-07-07 17:00:38,2026-09-20 21:41:50.767405
Dolor,Food,Nestle,528.59,302.23,2025-10-24 17:06:42,2026-09-20 21:41:50.767448
Quasi,Food,Tata Tea,1981.31,1064.57,2025-04-22 05:08:52,2026-09-20 21:41:50.767491
Nostrum,Personal Care,Britannia,1365.83,1081.67,2025-12-01 18:19:49,2026-09-20 21:41:50.767534
Quia,Personal Care,Tata,690.31,521.96,2026-02-04 19:57:15,2026-09-20 21:41:50.767576
Minima,Home Care,Britannia,173.3,124.38,2026-02-11 12:52:03,2026-09-20 21:41:50.767619
Tempore,Beverages,Tata Tea,957.95,611.94,2026-09-10 10:25:37,2026-09-20 21:41:50.767661
Error,Personal Care,Britannia,1524.35,904.24,2025-04-06 05:58:43,2026-09-20 21:41:50.767704
Tempora,Personal Care,Britannia,1975.89,1333.84,2024-11-17 05:05:00,2026-09-20 21:41:50.767746
Aliquam,Grocery,Nestle,1631.83,879.99,2026-04-10 16:34:52,2026-09-20 21:41:50.767788
Minus,Grocery,Tata,106.71,54.41,2024-12-27 12:47:51,2026-09-20 21:41:50.767831
Architecto,Beverages,Himalaya,1889.86,1340.94,2026-05-02 18:11:55,2026-09-20 21:41:50.767874
Optio,Personal Care,Tata Tea,953.54,542.59,2025-05-30 07:31:49,2026-09-20 21:41:50.767917
Corporis,Food,Nestle,1668.32,1225.63,2024-10-13 18:33:22,2026-09-20 21:41:50.767960
Fugiat,Beverages,ITC,1941.86,1538.87,2026-02-21 20:40:11,2026-09-20 21:41:50.768002
Harum,Food,ITC,622.83,427.7,2025-05-24 23:09:54,2026-09-20 21:41:50.768045
In,Grocery,Nestle,1545.12,1170.6,2025-12-25 14:20:07,2026-09-20 21:41:50.768087
Pariatur,Food,ITC,1559.39,1229.26,2026-07-12 01:43:45,2026-09-20 21:41:50.768140
Aperiam,Food,Britannia,1523.49,1083.66,2026-04-02 14:19:31,2026-09-20 21:41:50.768179
Quos,Personal Care,Britannia,42.78,31.37,2025-04-28 10:27:57,2026-09-20 21:41:50.768212
Suscipit,Personal Care,Tata Tea,962.43,700.89,2025-01-02 06:30:05,2026-09-20 21:41:50.768246
Dolores,Home Care,Tata,470.35,354.62,2026-07-13 17:00:45,2026-09-20 21:41:50.768278
Repellendus,Food,Tata,454.44,356.6,2025-05-01 12:17:26,2026-09-20 21:41:50.768311
Voluptatibus,Personal Care,Himalaya,990.34,737.81,2026-04-04 09:48:29,2026-09-20 21:41:50.768345
Quaerat,Food,Britannia,192.89,104.49,2024-10-30 12:00:17,2026-09-20 21:41:50.768377
Sint,Food,Tata,1728.85,1341.21,2025-11-29 23:38:15,2026-09-20 21:41:50.768410
Eum,Home Care,ITC,138.78,97.06,2026-03-12 10:25:01,2026-09-20 21:41:50.768445
Saepe,Beverages,Britannia,1177.11,899.9,2026-08-13 04:58:26,2026-09-20 21:41:50.768478
Rerum,Home Care,Nestle,1048.48,557.58,2026-04-04 21:43:55,2026-09-20 21:41:50.768510
Tenetur,Personal Care,Himalaya,1245.6,719.9,2025-04-15 02:28:29,2026-09-20 21:41:50.768543
Esse,Beverages,Tata,1626.37,1157.22,2024-12-12 20:33:49,2026-09-20 21:41:50.768577
Magni,Grocery,Nestle,1128.28,599.34,2026-02-13 10:44:37,2026-09-20 21:41:50.768610
Iure,Home Care,Nestle,1111.69,867.43,2025-11-03 06:16:11,2026-09-20 21:41:50.768643
Eum,Personal Care,ITC,999.41,683.68,2025-12-06 17:01:17,2026-09-20 21:41:50.768677
Et,Home Care,Himalaya,860.93,576.93,2024-11-01 21:07:48,2026-09-20 21:41:50.768709
Ullam,Food,Tata Tea,1167.6,717.8,2026-01-27 04:40:05,2026-09-20 21:41:50.768742
Culpa,Personal Care,Britannia,97.64,58.65,2025-10-08 23:44:45,2026-09-20 21:41:50.768774
Enim,Home Care,Himalaya,561.81,357.55,2026-09-20 00:02:00,2026-09-20 21:41:50.768807
Sunt,Home Care,Tata,866.72,512.56,2025-06-08 20:05:23,2026-09-20 21:41:50.768839
Animi,Home Care,Tata,530.83,277.88,2024-12-26 02:18:43,2026-09-20 21:41:50.768872
Sint,Beverages,Tata Tea,1543.61,906.81,2025-07-14 01:12:02,2026-09-20 21:41:50.768904
Aliquid,Personal Care,Tata,343.86,235.9,2025-12-25 02:00:36,2026-09-20 21:41:50.768937
Impedit,Grocery,Tata,1128.9,583.3,2025-11-22 12:47:54,2026-09-20 21:41:50.768969
Architecto,Personal Care,Himalaya,1374.52,788.3,2025-02-08 18:29:54,2026-09-20 21:41:50.769002
Ipsam,Home Care,Nestle,838.1,519.42,2026-01-18 04:57:06,2026-09-20 21:41:50.769035
Ducimus,Personal Care,Britannia,1976.1,1416.65,2025-05-27 06:37:42,2026-09-20 21:41:50.769067
Dolor,Personal Care,Nestle,876.94,637.97,2026-04-21 03:36:29,2026-09-20 21:41:50.769100
Quasi,Home Care,Britannia,606.3,390.39,2024-11-16 01:56:00,2026-09-20 21:41:50.769132
Labore,Home Care,Britannia,777.46,430.18,2026-01-17 06:56:42,2026-09-20 21:41:50.769165
Corporis,Food,Nestle,467.85,264.22,2026-08-28 12:39:12,2026-09-20 21:41:50.769199
Illum,Food,Nestle,367.88,245.74,2026-03-03 14:58:42,2026-09-20 21:41:50.769232
Voluptatibus,Beverages,Himalaya,482.39,300.71,2026-05-30 18:55:58,2026-09-20 21:41:50.769264
Adipisci,Personal Care,Tata,1413.21,707.42,2025-04-28 17:14:59,2026-09-20 21:41:50.769297
Nostrum,Beverages,Britannia,1368.19,895.33,2025-03-21 00:27:57,2026-09-20 21:41:50.769330
Optio,Personal Care,Britannia,1073.64,625.96,2025-08-02 09:42:17,2026-09-20 21:41:50.769362
Consequuntur,Personal Care,Nestle,1413.1,793.46,2025-10-13 05:47:04,2026-09-20 21:41:50.769395
Veritatis,Personal Care,Tata,382.88,244.79,2026-08-18 05:31:24,2026-09-20 21:41:50.769428
Recusandae,Home Care,Britannia,349.47,176.19,2026-05-13 03:48:43,2026-09-20 21:41:50.769460
Ipsam,Personal Care,Himalaya,1158.83,901.15,2024-12-13 16:09:40,2026-09-20 21:41:50.769493
Odio,Beverages,Nestle,617.09,362.47,2025-11-10 19:47:11,2026-09-20 21:41:50.769524
Modi,Home Care,Tata Tea,961.98,625.45,2025-03-31 02:40:06,2026-09-20 21:41:50.769557
Excepturi,Home Care,Himalaya,660.33,365.14,2026-04-30 08:42:32,2026-09-20 21:41:50.769589
Deleniti,Home Care,Tata,1362.28,1019.42,2024-10-07 01:31:04,2026-09-20 21:41:50.769622
Fugit,Food,Himalaya,624.55,358.28,2025-07-15 11:56:11,2026-09-20 21:41:50.769654
Modi,Home Care,ITC,1071.82,791.15,2025-12-31 21:24:08,2026-09-20 21:41:50.769687
Culpa,Beverages,Himalaya,808.22,413.83,2026-03-06 00:25:47,2026-09-20 21:41:50.769719
Eaque,Beverages,Himalaya,1664.98,1229.43,2024-10-26 17:26:25,2026-09-20 21:41:50.769751
Quam,Home Care,Nestle,50.82,25.61,2025-08-25 03:47:20,2026-09-20 21:41:50.769783
Blanditiis,Food,Nestle,1803.39,1078.91,2025-02-05 19:57:15,2026-09-20 21:41:50.769816
Veniam,Grocery,Himalaya,334.78,226.17,2026-09-19 16:34:41,2026-09-20 21:41:50.769848
Ipsam,Home Care,Nestle,205.28,149.59,2025-07-11 00:55:50,2026-09-20 21:41:50.769880
Eveniet,Home Care,Tata Tea,835.61,622.62,2024-10-27 13:08:00,2026-09-20 21:41:50.769913
Ea,Personal Care,Tata Tea,1465.07,1041.06,2025-01-31 18:44:44,2026-09-20 21:41:50.769944
Repellendus,Home Care,Tata Tea,1022.88,546.84,2025-01-01 02:12:50,2026-09-20 21:41:50.769977
Magni,Grocery,ITC,1796.33,1397.92,2026-05-11 09:53:46,2026-09-20 21:41:50.770019
Numquam,Food,Britannia,1503.3,866.09,2025-09-19 03:29:00,2026-09-20 21:41:50.770056
Aut,Beverages,Tata Tea,1465.33,818.14,2025-04-30 01:41:55,2026-09-20 21:41:50.770089
Veritatis,Personal Care,Tata,1649.86,1154.47,2025-03-11 00:05:40,2026-09-20 21:41:50.770122
Dolores,Food,Tata,780.69,525.89,2025-06-11 05:01:38,2026-09-20 21:41:50.770154
Eaque,Home Care,ITC,1230.42,874.24,2026-04-07 05:41:06,2026-09-20 21:41:50.770186
Possimus,Grocery,Tata Tea,538.67,392.42,2026-05-19 12:00:41,2026-09-20 21:41:50.770219
Possimus,Grocery,Tata,1386.9,942.82,2025-02-01 14:06:32,2026-09-20 21:41:50.770253
Voluptatibus,Grocery,Tata,147.45,94.06,2026-01-07 08:17:53,2026-09-20 21:41:50.770286
Nisi,Beverages,ITC,1918.24,1477.8,2025-12-14 04:26:02,2026-09-20 21:41:50.770319
Qui,Food,Tata Tea,1209.77,931.96,2025-01-28 18:44:01,2026-09-20 21:41:50.770351
Nulla,Food,Nestle,763.75,549.02,2025-09-03 23:39:14,2026-09-20 21:41:50.770383
Deserunt,Grocery,Tata Tea,1404.7,788.24,2024-12-08 12:32:02,2026-09-20 21:41:50.770417
Dolores,Grocery,Tata,27.07,20.15,2024-12-24 13:35:55,2026-09-20 21:41:50.770449
Quos,Grocery,Himalaya,1565.84,953.47,2025-02-19 10:23:37,2026-09-20 21:41:50.770481
Praesentium,Home Care,Tata Tea,1448.46,987.53,2026-04-18 09:41:47,2026-09-20 21:41:50.770514
Delectus,Beverages,ITC,1074.67,777.6,2026-07-17 07:58:34,2026-09-20 21:41:50.770549
Quisquam,Home Care,Himalaya,597.55,309.84,2026-01-07 08:56:59,2026-09-20 21:41:50.770581
Earum,Home Care,ITC,266.66,197.1,2025-05-20 05:50:23,2026-09-20 21:41:50.770614
Dolore,Grocery,Nestle,1481.33,1010.72,2025-03-11 08:37:20,2026-09-20 21:41:50.770646
Laborum,Grocery,Britannia,1598.76,935.61,2025-04-03 02:36:30,2026-09-20 21:41:50.770678
Quaerat,Food,Tata Tea,1728.82,1266.12,2025-07-22 20:27:30,2026-09-20 21:41:50.770711
Illo,Home Care,Nestle,914.5,463.46,2025-10-08 12:35:56,2026-09-20 21:41:50.770744
Ratione,Food,Himalaya,479.98,339.33,2025-10-25 09:36:13,2026-09-20 21:41:50.770777
Enim,Grocery,Tata Tea,930.9,497.81,2025-08-09 21:55:51,2026-09-20 21:41:50.770809
Ipsum,Grocery,ITC,1969.07,1349.66,2025-04-25 04:16:44,2026-09-20 21:41:50.770842
Dolorem,Home Care,ITC,1231.52,749.8,2024-11-19 08:21:54,2026-09-20 21:41:50.770875
Omnis,Food,Tata Tea,1612.4,1104.49,2025-10-19 09:07:03,2026-09-20 21:41:50.770908
At,Food,Himalaya,709.56,388.92,2025-06-06 23:42:07,2026-09-20 21:41:50.770940
Sint,Food,Nestle,370.83,240.5,2025-10-18 12:15:52,2026-09-20 21:41:50.770973
Reiciendis,Beverages,Himalaya,911.45,543.62,2024-10-10 07:01:58,2026-09-20 21:41:50.771006
Provident,Beverages,Himalaya,1250.2,727.86,2026-05-07 08:58:25,2026-09-20 21:41:50.771049
Itaque,Beverages,Nestle,459.84,339.43,2025-04-22 08:16:05,2026-09-20 21:41:50.771083
Nisi,Grocery,Britannia,763.94,532.08,2026-05-20 06:28:05,2026-09-20 21:41:50.771116
Laboriosam,Food,Tata Tea,771.17,425.1,2024-12-19 15:54:26,2026-09-20 21:41:50.771149
Reiciendis,Grocery,Nestle,1696.56,1065.25,2025-03-15 19:20:49,2026-09-20 21:41:50.771182
Accusamus,Grocery,Himalaya,1738.06,896.32,2026-07-31 05:56:38,2026-09-20 21:41:50.771215
Eum,Beverages,Britannia,403.54,217.05,2026-03-05 00:35:27,2026-09-20 21:41:50.771247
Cum,Personal Care,Himalaya,991.73,574.13,2024-10-20 07:56:33,2026-09-20 21:41:50.771279
Aperiam,Beverages,Britannia,587.44,359.87,2026-03-27 08:09:19,2026-09-20 21:41:50.771311
Dolorum,Home Care,Britannia,290.21,174.02,2026-04-08 13:10:58,2026-09-20 21:41:50.771342
Nemo,Beverages,Himalaya,1158.56,728.36,2024-09-29 01:00:35,2026-09-20 21:41:50.771375
Impedit,Grocery,Nestle,1168.59,837.16,2026-08-07 20:14:28,2026-09-20 21:41:50.771407
Expedita,Home Care,Nestle,1165.61,640.16,2026-01-27 11:09:30,2026-09-20 21:41:50.771440
Eligendi,Personal Care,Nestle,872.69,532.7,2025-07-17 15:27:48,2026-09-20 21:41:50.771472
Ducimus,Home Care,Tata Tea,271.38,150.14,2025-04-18 01:34:21,2026-09-20 21:41:50.771504
Voluptatem,Beverages,ITC,875.3,672.32,2026-02-22 09:52:13,2026-09-20 21:41:50.771536
Voluptatum,Beverages,ITC,116.11,66.42,2024-09-25 15:19:15,2026-09-20 21:41:50.771569
Repellat,Personal Care,Britannia,1504.09,1190.8,2024-11-02 02:55:50,2026-09-20 21:41:50.771601
Doloremque,Grocery,Tata,1432.3,990.8,2026-07-27 09:38:25,2026-09-20 21:41:50.771637
Consequuntur,Personal Care,Nestle,1534.72,1050.72,2026-07-16 18:47:39,2026-09-20 21:41:50.771669
Porro,Personal Care,ITC,1455.95,828.34,2025-01-24 10:29:03,2026-09-20 21:41:50.771701
Id,Beverages,Britannia,37.74,26.42,2026-04-09 03:05:05,2026-09-20 21:41:50.771733
Beatae,Home Care,Tata Tea,300.41,232.59,2026-02-09 04:38:51,2026-09-20 21:41:50.771766
Dolor,Personal Care,Nestle,325.51,191.25,2025-07-02 00:45:50,2026-09-20 21:41:50.771798
Aperiam,Personal Care,Himalaya,204.93,147.93,2025-05-16 11:40:32,2026-09-20 21:41:50.771830
Libero,Personal Care,ITC,1371.81,1038.83,2026-03-06 20:07:17,2026-09-20 21:41:50.771863
Itaque,Food,Britannia,720.77,469.29,2025-05-04 11:15:46,2026-09-20 21:41:50.771895
Saepe,Grocery,Himalaya,1151.63,867.86,2024-10-05 01:15:45,2026-09-20 21:41:50.771927
Cum,Food,Britannia,1634.53,835.84,2025-04-23 07:25:33,2026-09-20 21:41:50.771959
Molestiae,Personal Care,Tata,73.84,49.45,2026-03-06 01:00:52,2026-09-20 21:41:50.771991
Impedit,Grocery,ITC,656.46,444.84,2025-12-30 20:52:46,2026-09-20 21:41:50.772034
Hic,Beverages,Nestle,519.01,367.25,2025-08-27 06:36:38,2026-09-20 21:41:50.772079
Autem,Grocery,Tata,269.95,169.13,2025-03-30 00:02:31,2026-09-20 21:41:50.772114
Facilis,Personal Care,Tata,1927.23,1437.54,2026-02-06 19:49:32,2026-09-20 21:41:50.772148
Autem,Beverages,Tata Tea,1904.22,1260.41,2026-01-24 15:33:14,2026-09-20 21:41:50.772182
Libero,Personal Care,Tata,1648.79,1060.83,2024-11-28 05:43:15,2026-09-20 21:41:50.772215
Commodi,Personal Care,Tata Tea,1894.21,978.67,2025-10-29 09:45:16,2026-09-20 21:41:50.772248
Labore,Home Care,Himalaya,593.21,327.03,2025-08-10 20:54:15,2026-09-20 21:41:50.772280
Vitae,Home Care,Nestle,1668.74,1249.13,2024-10-23 15:28:12,2026-09-20 21:41:50.772313
Perspiciatis,Personal Care,Britannia,1423.7,772.41,2025-07-03 02:32:47,2026-09-20 21:41:50.772346
Eaque,Personal Care,ITC,1397.85,765.62,2026-09-15 07:59:15,2026-09-20 21:41:50.772379
Distinctio,Home Care,ITC,1924.75,1020.38,2026-06-12 18:05:31,2026-09-20 21:41:50.772411
Ipsum,Personal Care,Tata,74.7,42.93,2025-08-25 10:39:39,2026-09-20 21:41:50.772444
Odit,Personal Care,Nestle,286.03,207.16,2026-04-29 01:01:59,2026-09-20 21:41:50.772476
Inventore,Grocery,Tata Tea,564.21,382.52,2026-04-01 19:46:05,2026-09-20 21:41:50.772509
Odio,Beverages,Britannia,201.9,145.96,2024-10-17 09:49:39,2026-09-20 21:41:50.772541
Ullam,Grocery,Tata,1636.85,1007.91,2026-07-04 14:40:14,2026-09-20 21:41:50.772573
Nihil,Personal Care,Himalaya,657.45,391.03,2025-10-14 00:01:17,2026-09-20 21:41:50.772606
Odit,Personal Care,Tata,1676.59,1328.82,2025-05-17 22:31:52,2026-09-20 21:41:50.772638
Dolorum,Food,Tata Tea,1218.69,701.25,2026-01-12 22:38:34,2026-09-20 21:41:50.772673
Impedit,Food,ITC,1117.19,850.32,2024-09-29 17:55:27,2026-09-20 21:41:50.772706
Sint,Grocery,Tata,966.33,495.18,2025-06-27 20:39:42,2026-09-20 21:41:50.772739
Fugit,Home Care,ITC,1614.91,899.66,2024-11-07 04:42:21,2026-09-20 21:41:50.772772
Animi,Food,ITC,1527.44,901.71,2026-02-14 09:29:00,2026-09-20 21:41:50.772804
Dicta,Home Care,Tata,1811.06,1190.04,2026-08-21 20:38:28,2026-09-20 21:41:50.772837
Culpa,Beverages,Britannia,1237.74,982.22,2026-06-13 22:47:16,2026-09-20 21:41:50.772869
Ex,Home Care,ITC,154.35,114.88,2026-07-31 02:17:36,2026-09-20 21:41:50.772901
Quaerat,Food,Tata Tea,156.32,97.31,2024-11-19 20:09:17,2026-09-20 21:41:50.772933
Tenetur,Grocery,Tata,219.33,130.83,2026-04-27 02:24:12,2026-09-20 21:41:50.772965
Nemo,Beverages,Tata Tea,1308.26,909.16,2026-08-20 14:26:58,2026-09-20 21:41:50.772997
Dicta,Personal Care,Tata,1737.19,1157.41,2026-03-08 22:54:43,2026-09-20 21:41:50.773030
Doloremque,Personal Care,Tata,279.47,187.18,2026-06-25 07:36:54,2026-09-20 21:41:50.773071
Optio,Home Care,Nestle,606.94,396.4,2025-08-22 12:31:05,2026-09-20 21:41:50.773109
Quisquam,Beverages,Nestle,1752.14,893.99,2026-01-13 11:28:28,2026-09-20 21:41:50.773142
Veniam,Home Care,Tata,618.23,425.15,2025-06-16 22:27:56,2026-09-20 21:41:50.773174
Soluta,Food,Tata Tea,346.96,249.79,2024-12-29 03:01:00,2026-09-20 21:41:50.773208
Ex,Personal Care,ITC,736.7,554.67,2026-01-19 06:51:39,2026-09-20 21:41:50.773241
Unde,Personal Care,Tata Tea,384.67,228.81,2025-01-28 01:08:37,2026-09-20 21:41:50.773274
Accusantium,Personal Care,ITC,1236.73,732.13,2026-05-30 19:02:53,2026-09-20 21:41:50.773307
Cumque,Beverages,Tata Tea,1372.08,889.08,2025-11-06 14:22:58,2026-09-20 21:41:50.773340
Deserunt,Grocery,Tata,219.57,138.47,2026-02-12 23:08:37,2026-09-20 21:41:50.773372
Voluptates,Home Care,ITC,1895.31,1343.77,2025-09-14 23:49:55,2026-09-20 21:41:50.773405
Animi,Home Care,Britannia,694.22,540.33,2026-09-07 10:18:42,2026-09-20 21:41:50.773437
Ab,Home Care,Nestle,1068.32,741.12,2024-12-10 10:14:07,2026-09-20 21:41:50.773469
Aut,Beverages,ITC,1240.28,713.6,2026-05-01 23:38:18,2026-09-20 21:41:50.773502
Adipisci,Beverages,Tata,1911.94,1132.79,2026-01-29 10:27:20,2026-09-20 21:41:50.773535
Reprehenderit,Home Care,ITC,1952.53,1307.42,2025-01-19 16:26:24,2026-09-20 21:41:50.773567
Nobis,Home Care,ITC,193.46,111.77,2025-04-16 16:09:33,2026-09-20 21:41:50.773599
Deleniti,Beverages,Tata Tea,1593.23,877.93,2025-03-15 20:56:29,2026-09-20 21:41:50.773631
Ex,Home Care,Tata,1315.0,918.71,2026-05-01 15:02:35,2026-09-20 21:41:50.773663
Unde,Grocery,Tata,1662.13,1050.04,2026-09-15 00:30:52,2026-09-20 21:41:50.773695
Ad,Beverages,ITC,1606.6,1166.4,2025-11-04 01:19:27,2026-09-20 21:41:50.773727
Perferendis,Beverages,ITC,1607.96,805.31,2024-09-27 07:04:21,2026-09-20 21:41:50.773759
Impedit,Food,Himalaya,1103.74,792.52,2025-03-03 15:25:34,2026-09-20 21:41:50.773791
Expedita,Food,Himalaya,655.55,514.76,2026-08-25 07:01:57,2026-09-20 21:41:50.773823
Sed,Food,Tata,976.17,621.7,2025-09-28 02:57:23,2026-09-20 21:41:50.773855
Nulla,Beverages,Tata Tea,197.46,125.15,2025-07-26 07:08:56,2026-09-20 21:41:50.773888
Harum,Personal Care,ITC,956.82,522.2,2025-10-14 01:12:33,2026-09-20 21:41:50.773920
Aliquam,Personal Care,ITC,319.67,224.02,2025-05-11 14:41:10,2026-09-20 21:41:50.773952
Voluptates,Personal Care,ITC,360.7,273.74,2024-10-16 00:22:31,2026-09-20 21:41:50.773985
Ea,Food,Nestle,1884.39,1110.62,2024-11-12 20:04:05,2026-09-20 21:41:50.774032
Quibusdam,Beverages,Britannia,111.77,58.23,2026-03-09 04:00:29,2026-09-20 21:41:50.774077
Architecto,Beverages,ITC,382.3,206.9,2026-06-22 10:02:16,2026-09-20 21:41:50.774120
Sint,Food,Tata,1267.8,923.2,2024-10-26 16:19:41,2026-09-20 21:41:50.774163
Itaque,Home Care,Nestle,84.9,55.41,2025-07-01 17:07:30,2026-09-20 21:41:50.774205
Id,Beverages,Tata Tea,153.38,85.44,2026-02-23 11:31:09,2026-09-20 21:41:50.774248
Deleniti,Grocery,Himalaya,1468.99,837.79,2025-07-13 11:36:39,2026-09-20 21:41:50.774291
Consectetur,Beverages,ITC,1463.15,753.72,2024-11-22 00:50:31,2026-09-20 21:41:50.774334
Corrupti,Food,Tata,163.52,104.88,2026-03-23 20:57:35,2026-09-20 21:41:50.774377
Laborum,Home Care,Himalaya,1853.9,990.17,2026-09-15 18:10:58,2026-09-20 21:41:50.774420
Accusamus,Personal Care,ITC,1489.15,1115.66,2025-01-14 15:04:07,2026-09-20 21:41:50.774464
Dolores,Grocery,Himalaya,930.43,719.01,2026-04-02 04:47:48,2026-09-20 21:41:50.774507
Sunt,Grocery,Tata Tea,840.0,621.2,2026-03-24 03:41:10,2026-09-20 21:41:50.774549
Laboriosam,Beverages,Himalaya,1456.45,1093.33,2025-02-28 03:13:57,2026-09-20 21:41:50.774592
Laudantium,Grocery,Tata Tea,336.06,260.24,2025-01-16 16:05:11,2026-09-20 21:41:50.774636
Veniam,Food,Britannia,1899.3,1294.55,2026-08-12 10:46:11,2026-09-20 21:41:50.774679
Ipsa,Personal Care,Nestle,71.44,39.92,2025-05-29 22:48:14,2026-09-20 21:41:50.774722
Numquam,Home Care,Tata Tea,420.53,280.12,2024-11-21 23:52:49,2026-09-20 21:41:50.774765
Sed,Grocery,ITC,870.67,532.05,2025-01-09 23:44:48,2026-09-20 21:41:50.774808
Perspiciatis,Grocery,Nestle,731.82,511.44,2026-05-27 14:28:52,2026-09-20 21:41:50.774851
Iure,Personal Care,Himalaya,234.38,175.14,2025-01-28 21:38:12,2026-09-20 21:41:50.774894
Explicabo,Personal Care,ITC,1932.02,1378.59,2024-12-20 06:54:12,2026-09-20 21:41:50.774937
Dolorum,Grocery,Himalaya,1865.96,1381.11,2024-11-03 14:59:07,2026-09-20 21:41:50.774981
Excepturi,Beverages,Nestle,356.07,283.14,2025-04-28 02:19:32,2026-09-20 21:41:50.775093
Voluptatibus,Grocery,Tata,274.22,147.68,2024-11-02 08:46:55,2026-09-20 21:41:50.775236
Saepe,Food,Himalaya,432.31,304.98,2026-08-08 20:18:13,2026-09-20 21:41:50.775327
Corrupti,Personal Care,ITC,953.97,726.51,2025-07-09 19:22:21,2026-09-20 21:41:50.775410
Nostrum,Grocery,ITC,1050.57,758.4,2026-06-25 20:45:52,2026-09-20 21:41:50.775494
Recusandae,Home Care,Tata Tea,1080.49,629.34,2025-10-06 21:58:51,2026-09-20 21:41:50.775571
Distinctio,Personal Care,ITC,1728.87,1284.69,2025-06-03 13:46:25,2026-09-20 21:41:50.775629
Quibusdam,Food,Britannia,1127.66,665.32,2025-06-24 06:17:54,2026-09-20 21:41:50.775670
Incidunt,Personal Care,Himalaya,193.78,154.21,2025-06-10 20:19:31,2026-09-20 21:41:50.775705
Consequuntur,Personal Care,Britannia,1488.4,1110.52,2026-02-03 23:24:13,2026-09-20 21:41:50.775739
Amet,Personal Care,Britannia,1639.79,830.39,2025-04-10 17:38:20,2026-09-20 21:41:50.775772
Maxime,Home Care,Tata,1548.06,1218.92,2024-11-04 02:33:17,2026-09-20 21:41:50.775806
Placeat,Grocery,Himalaya,509.9,327.07,2025-07-17 04:45:19,2026-09-20 21:41:50.775840
Magnam,Food,Tata,63.24,49.76,2024-11-24 11:23:44,2026-09-20 21:41:50.775873
Quia,Home Care,ITC,1139.34,646.72,2025-01-31 14:37:25,2026-09-20 21:41:50.775906
Facilis,Home Care,ITC,1957.96,1260.69,2026-01-13 23:13:58,2026-09-20 21:41:50.775939
Dolores,Grocery,Nestle,1802.45,1083.21,2026-06-14 18:30:08,2026-09-20 21:41:50.775972
Nostrum,Grocery,Britannia,1409.03,1097.51,2025-08-24 14:42:58,2026-09-20 21:41:50.776004
Doloribus,Personal Care,Nestle,44.09,34.43,2025-10-16 15:26:03,2026-09-20 21:41:50.776037
Doloribus,Food,ITC,233.73,163.86,2025-12-11 09:50:40,2026-09-20 21:41:50.776070
Non,Beverages,Tata,1242.44,740.93,2025-01-16 13:55:52,2026-09-20 21:41:50.776109
Quidem,Food,Tata Tea,899.22,526.74,2024-12-07 12:09:10,2026-09-20 21:41:50.776142
Ut,Grocery,ITC,1195.81,953.82,2025-08-14 12:11:55,2026-09-20 21:41:50.776174
Neque,Food,Tata,1578.47,810.88,2026-01-09 14:17:18,2026-09-20 21:41:50.776207
Nam,Food,Nestle,1220.58,879.29,2026-05-04 08:12:01,2026-09-20 21:41:50.776239
Tenetur,Grocery,Tata Tea,1742.76,996.41,2025-11-25 23:01:25,2026-09-20 21:41:50.776273
Distinctio,Grocery,Tata Tea,73.29,48.34,2026-07-14 21:28:23,2026-09-20 21:41:50.776306
Perferendis,Home Care,Tata Tea,950.03,672.43,2025-07-22 13:08:19,2026-09-20 21:41:50.776339
Amet,Food,Tata,1673.92,939.57,2025-08-25 16:01:45,2026-09-20 21:41:50.776371
Explicabo,Grocery,Tata Tea,657.58,468.57,2025-06-08 20:18:15,2026-09-20 21:41:50.776404
Similique,Home Care,Tata Tea,321.36,231.22,2026-01-21 21:21:03,2026-09-20 21:41:50.776436
Enim,Personal Care,Britannia,475.93,275.65,2026-02-03 21:56:32,2026-09-20 21:41:50.776469
Ullam,Personal Care,Nestle,1216.19,829.28,2025-12-03 17:10:53,2026-09-20 21:41:50.776501
Distinctio,Grocery,Tata,1715.37,1352.82,2025-03-31 00:19:38,2026-09-20 21:41:50.776534
Maxime,Beverages,Tata Tea,1215.71,946.3,2025-03-04 05:11:25,2026-09-20 21:41:50.776566
Illo,Beverages,ITC,1409.76,973.64,2026-03-11 12:27:26,2026-09-20 21:41:50.776598
Nostrum,Food,Himalaya,1985.09,1537.61,2025-08-13 09:05:59,2026-09-20 21:41:50.776630
Deleniti,Beverages,Himalaya,761.8,535.94,2025-01-22 13:39:56,2026-09-20 21:41:50.776663
Natus,Grocery,Himalaya,902.44,574.18,2025-11-10 16:37:37,2026-09-20 21:41:50.776695
Odit,Food,Britannia,1720.11,1025.46,2026-06-01 16:10:58,2026-09-20 21:41:50.776728
Asperiores,Personal Care,ITC,1604.69,1228.32,2026-06-09 07:35:48,2026-09-20 21:41:50.776760
Cumque,Grocery,Tata Tea,1530.45,1031.4,2026-06-11 03:44:32,2026-09-20 21:41:50.776792
Neque,Personal Care,Britannia,384.8,212.93,2026-07-25 11:40:06,2026-09-20 21:41:50.776824
Velit,Home Care,Himalaya,135.83,81.86,2024-09-20 12:33:59,2026-09-20 21:41:50.776856
Aspernatur,Food,ITC,1109.36,676.69,2025-06-08 13:55:30,2026-09-20 21:41:50.776888
Laudantium,Personal Care,Himalaya,1462.36,838.4,2026-01-16 01:31:08,2026-09-20 21:41:50.776920
Reprehenderit,Grocery,ITC,1159.7,602.87,2026-06-18 11:02:47,2026-09-20 21:41:50.776952
Similique,Grocery,Himalaya,877.22,648.22,2024-10-15 11:34:03,2026-09-20 21:41:50.776984
Autem,Personal Care,Tata,43.68,23.13,2026-09-20 07:11:04,2026-09-20 21:41:50.777016
Accusamus,Home Care,Nestle,477.58,377.74,2025-01-26 22:05:19,2026-09-20 21:41:50.777048
Minima,Grocery,ITC,1194.7,798.59,2025-03-18 14:05:23,2026-09-20 21:41:50.777080
Non,Grocery,Tata,78.12,42.95,2026-08-27 08:22:50,2026-09-20 21:41:50.777118
Ut,Beverages,ITC,1446.24,1154.07,2026-07-12 02:07:06,2026-09-20 21:41:50.777150
Corrupti,Personal Care,Tata Tea,1979.31,1434.35,2026-09-20 06:40:54,2026-09-20 21:41:50.777182
Magni,Beverages,Tata,757.4,403.29,2026-01-26 18:16:43,2026-09-20 21:41:50.777214
In,Grocery,Nestle,1997.16,1480.42,2025-01-30 21:50:29,2026-09-20 21:41:50.777247
Aliquid,Beverages,Tata,1521.0,802.26,2026-04-10 09:32:36,2026-09-20 21:41:50.777279
Explicabo,Grocery,ITC,1480.05,879.3,2026-06-02 19:07:57,2026-09-20 21:41:50.777311
Optio,Beverages,ITC,444.09,315.34,2025-11-01 00:18:20,2026-09-20 21:41:50.777343
Debitis,Beverages,Nestle,1213.49,754.93,2024-12-11 10:34:21,2026-09-20 21:41:50.777375
Dolores,Food,Nestle,272.13,205.79,2025-12-23 17:22:14,2026-09-20 21:41:50.777406
Similique,Personal Care,Tata Tea,1032.08,824.31,2026-01-07 12:13:00,2026-09-20 21:41:50.777439
Quidem,Personal Care,ITC,1130.88,884.62,2026-01-01 16:25:08,2026-09-20 21:41:50.777471
Nemo,Personal Care,Himalaya,102.14,68.82,2025-05-21 14:54:41,2026-09-20 21:41:50.777504
Consequatur,Grocery,Himalaya,715.83,421.41,2025-12-20 01:05:13,2026-09-20 21:41:50.777539
Ipsa,Food,ITC,980.42,560.55,2026-02-21 01:57:19,2026-09-20 21:41:50.777576
Saepe,Home Care,Britannia,1523.87,791.15,2024-10-25 15:02:12,2026-09-20 21:41:50.777609
Quibusdam,Personal Care,Tata Tea,500.46,305.79,2026-07-20 06:04:55,2026-09-20 21:41:50.777643
Excepturi,Beverages,Nestle,668.59,467.54,2025-06-14 08:14:04,2026-09-20 21:41:50.777677
Facilis,Food,Tata,177.98,111.37,2025-10-13 05:59:23,2026-09-20 21:41:50.777710
Explicabo,Beverages,Tata,707.48,401.99,2025-03-18 22:37:46,2026-09-20 21:41:50.777743
Hic,Food,ITC,788.82,625.7,2025-01-29 13:14:56,2026-09-20 21:41:50.777775
Officia,Beverages,Himalaya,125.92,63.72,2025-12-15 08:12:18,2026-09-20 21:41:50.777807
Cupiditate,Home Care,ITC,798.07,479.35,2025-09-21 09:37:01,2026-09-20 21:41:50.777838
Dicta,Personal Care,Tata Tea,941.52,660.74,2025-09-05 04:34:55,2026-09-20 21:41:50.777870
Cum,Home Care,Nestle,1034.82,638.39,2025-08-13 06:01:06,2026-09-20 21:41:50.777902
Ipsam,Home Care,Tata,953.6,671.9,2025-07-17 06:50:09,2026-09-20 21:41:50.777933
Dicta,Home Care,Tata,717.72,567.22,2026-04-17 23:58:33,2026-09-20 21:41:50.777966
Autem,Personal Care,Britannia,589.27,368.2,2026-09-16 19:08:39,2026-09-20 21:41:50.777999
Itaque,Home Care,Himalaya,1969.52,1228.67,2025-12-27 01:02:03,2026-09-20 21:41:50.778032
Voluptatibus,Beverages,Tata Tea,1068.83,783.2,2026-08-28 13:05:53,2026-09-20 21:41:50.778065
Necessitatibus,Personal Care,ITC,71.89,52.96,2025-10-25 01:10:27,2026-09-20 21:41:50.778101
A,Beverages,Tata,990.25,577.12,2026-02-28 09:53:12,2026-09-20 21:41:50.778134
Distinctio,Personal Care,ITC,1169.84,813.06,2026-03-15 01:41:24,2026-09-20 21:41:50.778167
Provident,Grocery,Tata,1812.12,934.73,2026-05-10 04:27:41,2026-09-20 21:41:50.778199
Aliquam,Grocery,Britannia,1791.43,1056.72,2024-10-18 10:21:51,2026-09-20 21:41:50.778231
Veniam,Home Care,ITC,947.36,615.79,2024-10-22 02:39:27,2026-09-20 21:41:50.778263
Assumenda,Home Care,Nestle,469.12,277.89,2025-12-11 02:22:51,2026-09-20 21:41:50.778296
Dolores,Personal Care,ITC,1443.26,839.66,2026-07-07 00:07:26,2026-09-20 21:41:50.778328
Debitis,Grocery,ITC,612.56,317.0,2026-04-25 03:48:45,2026-09-20 21:41:50.778360
Consequatur,Beverages,ITC,1034.96,632.62,2026-03-18 12:46:07,2026-09-20 21:41:50.778392
Eaque,Personal Care,Himalaya,690.99,474.91,2025-09-12 09:01:19,2026-09-20 21:41:50.778425
Sed,Beverages,Tata,1413.55,779.33,2026-07-06 03:28:59,2026-09-20 21:41:50.778458
Voluptate,Beverages,Nestle,418.19,270.18,2025-09-27 13:45:00,2026-09-20 21:41:50.778490
Necessitatibus,Beverages,ITC,667.93,342.25,2025-11-27 23:54:26,2026-09-20 21:41:50.778523
Hic,Home Care,Britannia,248.76,198.2,2025-04-12 16:04:36,2026-09-20 21:41:50.778555
Molestias,Personal Care,ITC,319.95,237.33,2025-03-20 06:17:10,2026-09-20 21:41:50.778587
Mollitia,Personal Care,Himalaya,1282.35,959.23,2026-04-15 11:53:04,2026-09-20 21:41:50.778619
Eligendi,Grocery,Himalaya,329.49,205.45,2025-09-27 12:17:46,2026-09-20 21:41:50.778650
Quo,Food,Himalaya,710.87,455.45,2026-06-12 12:44:59,2026-09-20 21:41:50.778684
Consectetur,Home Care,Tata Tea,1638.67,1191.34,2024-11-07 01:24:14,2026-09-20 21:41:50.778716
Quos,Beverages,Himalaya,1301.92,782.3,2024-11-25 08:05:01,2026-09-20 21:41:50.778748
Excepturi,Beverages,ITC,145.83,91.32,2026-06-30 01:22:10,2026-09-20 21:41:50.778779
A,Beverages,Tata,163.06,122.7,2025-02-13 03:09:06,2026-09-20 21:41:50.778812
Cumque,Food,Tata,56.28,31.07,2025-06-16 18:31:55,2026-09-20 21:41:50.778843
Molestias,Beverages,Tata,883.6,530.64,2026-02-18 00:25:56,2026-09-20 21:41:50.778875
Eveniet,Food,ITC,198.07,126.27,2024-10-24 11:01:55,2026-09-20 21:41:50.778906
Placeat,Food,Nestle,1587.09,1006.3,2024-11-19 21:01:19,2026-09-20 21:41:50.778938
Quos,Beverages,ITC,1060.44,686.39,2026-02-24 17:26:57,2026-09-20 21:41:50.778969
Dolor,Personal Care,Britannia,1294.1,825.42,2025-04-24 12:11:44,2026-09-20 21:41:50.779001
Corporis,Home Care,Nestle,1919.31,1497.4,2025-01-09 06:49:33,2026-09-20 21:41:50.779033
Voluptatibus,Grocery,Nestle,1561.43,1205.66,2026-05-13 08:03:48,2026-09-20 21:41:50.779065
Molestias,Grocery,Himalaya,1682.25,1255.32,2026-02-14 00:39:23,2026-09-20 21:41:50.779123
Rem,Grocery,Nestle,1334.33,996.54,2025-09-29 03:22:11,2026-09-20 21:41:50.779158
Nostrum,Grocery,ITC,713.15,504.61,2024-12-15 06:02:03,2026-09-20 21:41:50.779190
Aut,Home Care,ITC,1763.11,1273.13,2025-03-25 21:21:29,2026-09-20 21:41:50.779222
Illum,Beverages,Britannia,1933.21,994.02,2025-07-29 00:19:31,2026-09-20 21:41:50.779254
Laboriosam,Grocery,Britannia,830.92,642.92,2024-11-27 01:19:37,2026-09-20 21:41:50.779287
Commodi,Grocery,Nestle,617.71,441.39,2026-01-15 15:14:15,2026-09-20 21:41:50.779319
Iure,Grocery,Tata,917.28,558.26,2025-02-20 03:24:35,2026-09-20 21:41:50.779351
Nesciunt,Home Care,Himalaya,1557.36,1165.28,2026-07-24 08:05:14,2026-09-20 21:41:50.779383
Id,Grocery,Nestle,1328.03,981.21,2026-08-13 13:41:13,2026-09-20 21:41:50.779414
Voluptas,Food,Nestle,1013.5,728.35,2025-09-25 15:28:21,2026-09-20 21:41:50.779446
Eveniet,Grocery,ITC,1135.26,742.28,2026-03-15 01:33:31,2026-09-20 21:41:50.779478
Quae,Home Care,Britannia,1203.12,895.88,2026-06-23 23:04:44,2026-09-20 21:41:50.779509
Voluptatibus,Personal Care,Britannia,346.28,209.24,2026-04-30 10:02:07,2026-09-20 21:41:50.779541
Repudiandae,Personal Care,Tata,1952.07,1088.39,2025-01-24 17:18:50,2026-09-20 21:41:50.779575
Vero,Personal Care,Tata Tea,1793.61,930.26,2025-07-27 02:55:08,2026-09-20 21:41:50.779607
Asperiores,Home Care,Tata Tea,956.45,549.8,2024-10-09 16:02:18,2026-09-20 21:41:50.779641
Doloremque,Food,Himalaya,491.82,261.29,2026-08-15 08:21:41,2026-09-20 21:41:50.779673
Aspernatur,Home Care,Tata,335.71,173.49,2026-09-04 09:39:15,2026-09-20 21:41:50.779706
Nemo,Grocery,Britannia,915.36,605.87,2025-09-27 22:35:21,2026-09-20 21:41:50.779738
Ex,Beverages,ITC,464.41,253.76,2026-04-13 11:41:53,2026-09-20 21:41:50.779770
Culpa,Beverages,Himalaya,1809.51,1406.28,2024-12-08 18:33:18,2026-09-20 21:41:50.779803
Nobis,Beverages,Tata,1339.62,880.15,2026-03-07 17:18:33,2026-09-20 21:41:50.779835
Incidunt,Personal Care,Nestle,1986.1,996.52,2024-11-01 06:52:06,2026-09-20 21:41:50.779867
Neque,Personal Care,ITC,856.57,467.45,2026-01-23 07:43:36,2026-09-20 21:41:50.779899
Maxime,Food,Nestle,1988.69,1074.51,2026-07-17 08:27:07,2026-09-20 21:41:50.779931
Dolores,Personal Care,Tata,1209.61,937.73,2026-06-07 19:02:35,2026-09-20 21:41:50.779963
Pariatur,Grocery,Tata Tea,354.43,205.83,2026-08-26 17:26:00,2026-09-20 21:41:50.779995
Vitae,Grocery,ITC,714.8,400.96,2025-04-12 22:29:10,2026-09-20 21:41:50.780027
Doloremque,Beverages,Nestle,206.93,159.19,2025-02-15 16:27:06,2026-09-20 21:41:50.780059
Error,Grocery,Britannia,719.12,540.6,2026-01-06 10:02:23,2026-09-20 21:41:50.780091
Ad,Personal Care,Tata Tea,1010.25,763.0,2025-03-04 12:14:04,2026-09-20 21:41:50.780123
Ipsa,Home Care,Himalaya,559.86,397.2,2024-12-16 19:31:01,2026-09-20 21:41:50.780155
Incidunt,Personal Care,Himalaya,627.24,324.13,2026-05-11 07:34:09,2026-09-20 21:41:50.780187
Pariatur,Food,Tata,1174.65,854.75,2025-11-02 14:01:25,2026-09-20 21:41:50.780219
Exercitationem,Grocery,Nestle,431.56,330.5,2025-09-27 17:53:05,2026-09-20 21:41:50.780251
Voluptate,Personal Care,Himalaya,265.4,174.61,2025-09-08 21:08:06,2026-09-20 21:41:50.780283
Possimus,Beverages,Britannia,1235.8,713.49,2026-06-10 06:10:49,2026-09-20 21:41:50.780314
Consequuntur,Personal Care,Himalaya,468.73,334.34,2026-08-07 00:26:35,2026-09-20 21:41:50.780346
Occaecati,Food,Britannia,1085.85,591.31,2024-12-25 07:35:04,2026-09-20 21:41:50.780377
Doloribus,Personal Care,Nestle,87.35,48.75,2026-02-18 16:34:49,2026-09-20 21:41:50.780409
Suscipit,Home Care,Britannia,720.77,418.88,2025-09-14 05:23:55,2026-09-20 21:41:50.780441
Quas,Personal Care,Britannia,113.59,86.16,2024-10-20 10:48:08,2026-09-20 21:41:50.780473
Veniam,Beverages,ITC,612.43,456.94,2025-03-27 10:44:26,2026-09-20 21:41:50.780504
Quae,Home Care,Tata,656.98,330.87,2025-08-15 20:13:29,2026-09-20 21:41:50.780536
Animi,Personal Care,Tata,414.5,316.04,2026-09-18 19:59:55,2026-09-20 21:41:50.780568
Quam,Food,Britannia,660.86,394.99,2026-06-02 11:02:27,2026-09-20 21:41:50.780599
Odio,Beverages,ITC,1612.12,1123.06,2025-01-08 10:06:38,2026-09-20 21:41:50.780631
Culpa,Beverages,Britannia,831.55,482.37,2025-05-02 05:14:43,2026-09-20 21:41:50.780663
Non,Grocery,Tata,1893.88,1095.79,2026-02-15 13:00:52,2026-09-20 21:41:50.780694
Atque,Personal Care,ITC,391.22,255.4,2024-10-10 14:03:03,2026-09-20 21:41:50.780726
Assumenda,Grocery,Tata,955.07,670.27,2026-01-31 09:43:41,2026-09-20 21:41:50.780758
Beatae,Food,Britannia,265.82,198.6,2025-04-26 22:54:40,2026-09-20 21:41:50.780790
Nemo,Beverages,Himalaya,1871.88,1068.37,2025-10-25 06:16:57,2026-09-20 21:41:50.780823
In,Home Care,Tata,1992.75,1514.11,2024-11-04 04:18:35,2026-09-20 21:41:50.780855
Sapiente,Grocery,Tata Tea,1131.67,765.5,2026-05-12 02:44:03,2026-09-20 21:41:50.780887
Beatae,Grocery,ITC,766.72,535.45,2026-08-25 16:16:41,2026-09-20 21:41:50.780919
Facere,Personal Care,Nestle,794.6,500.11,2025-09-07 06:20:07,2026-09-20 21:41:50.780951
Voluptates,Home Care,Nestle,1248.62,728.17,2025-03-08 09:47:25,2026-09-20 21:41:50.781003
Iste,Home Care,Himalaya,1541.47,957.34,2025-04-10 05:37:19,2026-09-20 21:41:50.781036
Reprehenderit,Personal Care,Nestle,492.0,365.36,2025-03-10 04:14:39,2026-09-20 21:41:50.781069
Iste,Home Care,Tata,1120.2,653.36,2025-11-07 02:59:21,2026-09-20 21:41:50.781101
Ea,Grocery,Britannia,981.26,543.05,2026-07-20 08:04:25,2026-09-20 21:41:50.781133
Odio,Food,Tata,1692.15,1266.58,2026-07-11 11:40:18,2026-09-20 21:41:50.781165
Molestias,Beverages,Tata,1142.18,713.99,2026-09-12 07:03:19,2026-09-20 21:41:50.781197
Sequi,Home Care,ITC,884.57,641.86,2025-11-24 08:46:47,2026-09-20 21:41:50.781229
Repellat,Personal Care,Nestle,651.0,388.36,2025-12-07 05:15:58,2026-09-20 21:41:50.781261
Dolor,Grocery,Tata,1581.05,907.28,2025-10-31 00:51:44,2026-09-20 21:41:50.781293
Commodi,Personal Care,Tata Tea,952.73,745.45,2025-01-21 22:11:40,2026-09-20 21:41:50.781324
Similique,Beverages,Tata Tea,488.18,321.89,2025-08-29 16:43:29,2026-09-20 21:41:50.781356
Quasi,Personal Care,Tata Tea,1976.1,1082.45,2025-09-10 06:59:46,2026-09-20 21:41:50.781387
Perferendis,Personal Care,Tata Tea,957.42,645.13,2026-08-26 09:08:06,2026-09-20 21:41:50.781420
Eum,Food,ITC,382.58,290.97,2024-11-12 16:30:15,2026-09-20 21:41:50.781452
Fugit,Home Care,Tata Tea,1219.06,721.39,2026-07-16 14:50:59,2026-09-20 21:41:50.781483
Nobis,Personal Care,Himalaya,1137.6,753.55,2026-01-06 16:44:00,2026-09-20 21:41:50.781515
Voluptates,Grocery,Tata Tea,1711.55,1016.07,2025-04-27 15:07:50,2026-09-20 21:41:50.781547
Culpa,Personal Care,Tata Tea,348.71,224.81,2026-08-31 05:18:48,2026-09-20 21:41:50.781583
Ex,Beverages,ITC,773.99,521.93,2026-07-02 01:36:01,2026-09-20 21:41:50.781616
Quam,Personal Care,Himalaya,1609.04,1118.78,2025-10-25 15:20:38,2026-09-20 21:41:50.781648
Culpa,Beverages,ITC,1756.43,1035.82,2025-11-26 16:12:24,2026-09-20 21:41:50.781681
Nihil,Beverages,Himalaya,260.62,167.68,2025-05-12 02:29:24,2026-09-20 21:41:50.781716
Quaerat,Food,Britannia,925.22,596.73,2026-02-02 09:59:49,2026-09-20 21:41:50.781748
Quis,Beverages,Tata,498.61,383.54,2026-06-16 13:26:45,2026-09-20 21:41:50.781781
Molestias,Personal Care,Tata,448.81,297.96,2025-08-14 01:38:35,2026-09-20 21:41:50.781813
Debitis,Personal Care,Britannia,1881.71,1370.33,2026-08-13 19:49:44,2026-09-20 21:41:50.781846
Amet,Home Care,Nestle,330.93,221.74,2025-11-01 01:15:55,2026-09-20 21:41:50.781879
Ducimus,Grocery,ITC,1132.67,749.11,2025-01-08 04:12:43,2026-09-20 21:41:50.781912
Perferendis,Personal Care,Tata,1736.85,1360.41,2025-04-15 06:15:33,2026-09-20 21:41:50.781944
Placeat,Beverages,Himalaya,1515.47,767.5,2025-11-09 21:41:15,2026-09-20 21:41:50.781999
Culpa,Food,Tata Tea,920.7,725.91,2025-11-06 16:42:39,2026-09-20 21:41:50.782062
Cumque,Home Care,Nestle,1970.45,1325.63,2026-05-16 12:32:04,2026-09-20 21:41:50.782105
Deserunt,Grocery,Tata Tea,1832.49,1415.07,2025-02-12 22:28:21,2026-09-20 21:41:50.782148
Tempora,Grocery,Britannia,1013.45,508.3,2024-12-18 03:15:33,2026-09-20 21:41:50.782191
Expedita,Home Care,Nestle,1768.22,1357.41,2025-10-05 18:38:59,2026-09-20 21:41:50.782234
Unde,Personal Care,Nestle,366.26,207.28,2025-04-02 07:22:38,2026-09-20 21:41:50.782276
Quisquam,Grocery,Tata Tea,338.29,225.89,2025-07-02 10:01:00,2026-09-20 21:41:50.782321
Necessitatibus,Beverages,Tata Tea,705.42,422.96,2024-10-24 18:41:51,2026-09-20 21:41:50.782365
Alias,Home Care,Nestle,1223.87,716.9,2024-12-27 03:45:00,2026-09-20 21:41:50.782408
Nisi,Home Care,Himalaya,651.19,465.01,2026-02-27 03:53:08,2026-09-20 21:41:50.782450
Unde,Personal Care,Britannia,459.11,319.3,2026-01-15 16:37:08,2026-09-20 21:41:50.782493
Libero,Grocery,Nestle,328.79,224.59,2026-08-23 00:26:40,2026-09-20 21:41:50.782536
Accusamus,Food,Tata,1310.61,694.08,2024-10-22 08:53:47,2026-09-20 21:41:50.782582
Deserunt,Personal Care,Himalaya,29.27,18.99,2026-06-14 12:06:55,2026-09-20 21:41:50.782623
Sed,Personal Care,Himalaya,1535.52,845.13,2024-11-29 17:55:20,2026-09-20 21:41:50.782683
Laudantium,Food,Britannia,1867.12,1411.37,2026-04-23 19:14:29,2026-09-20 21:41:50.782758
Veritatis,Beverages,Tata Tea,1451.26,1152.33,2026-05-27 17:54:24,2026-09-20 21:41:50.782803
Perferendis,Personal Care,Himalaya,1766.0,1159.35,2025-04-27 18:17:25,2026-09-20 21:41:50.782846
Odit,Beverages,Tata,954.08,625.06,2025-02-10 06:16:48,2026-09-20 21:41:50.782890
Ducimus,Grocery,ITC,1647.08,1069.41,2025-08-14 04:05:59,2026-09-20 21:41:50.782932
Praesentium,Personal Care,Tata,1669.2,1014.78,2025-06-27 06:13:32,2026-09-20 21:41:50.782975
Non,Home Care,Tata Tea,1745.63,1226.69,2026-07-08 05:13:33,2026-09-20 21:41:50.783018
Tenetur,Beverages,Tata,1471.17,1025.38,2025-09-05 10:20:30,2026-09-20 21:41:50.783061
A,Food,ITC,621.86,493.51,2025-11-25 08:57:08,2026-09-20 21:41:50.783103
Maxime,Beverages,Nestle,1342.37,1038.38,2025-09-15 02:32:15,2026-09-20 21:41:50.783145
Dolorum,Personal Care,Tata Tea,434.01,326.0,2026-08-02 11:43:34,2026-09-20 21:41:50.783189
Nesciunt,Grocery,Nestle,1817.45,1440.98,2025-09-17 03:26:20,2026-09-20 21:41:50.783231
Deleniti,Personal Care,Nestle,56.13,35.42,2025-08-20 10:43:30,2026-09-20 21:41:50.783274
Dolorum,Grocery,Nestle,1939.06,1361.95,2026-02-22 20:48:36,2026-09-20 21:41:50.783317
Perspiciatis,Home Care,Britannia,1743.08,1206.03,2024-12-05 07:26:53,2026-09-20 21:41:50.783360
Rerum,Beverages,Himalaya,1451.04,787.34,2026-05-12 07:04:38,2026-09-20 21:41:50.783402
Iste,Grocery,Tata,1281.26,854.3,2026-03-01 04:02:20,2026-09-20 21:41:50.783444
Totam,Food,ITC,1200.58,612.45,2025-07-25 23:16:49,2026-09-20 21:41:50.783487
Totam,Food,ITC,347.3,187.68,2026-01-21 02:50:47,2026-09-20 21:41:50.783529
Quibusdam,Grocery,Britannia,1410.77,740.99,2026-09-05 07:55:10,2026-09-20 21:41:50.783573
Necessitatibus,Grocery,Britannia,185.54,142.71,2026-01-22 08:09:40,2026-09-20 21:41:50.783616
Recusandae,Grocery,Tata,446.1,256.29,2026-03-22 16:36:04,2026-09-20 21:41:50.783658
Quis,Food,Nestle,1031.76,672.76,2026-02-03 20:24:04,2026-09-20 21:41:50.783701
Nihil,Personal Care,Nestle,1256.53,829.44,2026-02-03 00:24:11,2026-09-20 21:41:50.783752
Tenetur,Food,ITC,248.4,145.18,2026-07-21 01:29:53,2026-09-20 21:41:50.783797
Rem,Personal Care,Britannia,838.65,526.32,2025-06-17 22:06:57,2026-09-20 21:41:50.783840
Id,Grocery,Nestle,788.05,451.38,2026-06-12 14:32:51,2026-09-20 21:41:50.783882
Eos,Food,Britannia,1963.09,1081.98,2024-10-24 08:07:40,2026-09-20 21:41:50.783925
Ducimus,Grocery,Britannia,191.43,129.96,2026-01-06 19:56:30,2026-09-20 21:41:50.783968
Quis,Beverages,Nestle,888.17,605.6,2025-04-17 17:15:19,2026-09-20 21:41:50.784014
Saepe,Personal Care,Nestle,594.47,359.67,2025-01-20 20:49:18,2026-09-20 21:41:50.784057
Nobis,Grocery,Tata,66.27,39.54,2025-08-03 02:19:51,2026-09-20 21:41:50.784100
Cupiditate,Food,Tata,70.16,55.08,2026-02-03 06:53:43,2026-09-20 21:41:50.784143
Suscipit,Beverages,Nestle,1421.87,1039.07,2026-08-13 18:06:07,2026-09-20 21:41:50.784185
Quia,Beverages,Britannia,819.25,625.18,2025-07-15 02:04:35,2026-09-20 21:41:50.784227
Consequuntur,Home Care,Tata Tea,471.24,303.79,2026-07-06 09:16:31,2026-09-20 21:41:50.784270
Quasi,Grocery,ITC,508.7,313.46,2025-08-21 16:54:11,2026-09-20 21:41:50.784313
Earum,Home Care,Tata Tea,924.57,537.31,2025-03-02 01:23:18,2026-09-20 21:41:50.784355
Nemo,Beverages,Tata,530.14,410.83,2024-11-13 09:47:34,2026-09-20 21:41:50.784398
Beatae,Beverages,Tata Tea,541.48,370.59,2025-08-09 21:05:38,2026-09-20 21:41:50.784443
Ipsum,Personal Care,Himalaya,969.11,490.25,2025-09-10 10:07:37,2026-09-20 21:41:50.784485
Nemo,Food,Tata,284.45,212.87,2025-04-06 15:25:53,2026-09-20 21:41:50.784527
Occaecati,Home Care,Tata,1748.67,1176.53,2024-12-16 14:53:07,2026-09-20 21:41:50.784570
Laudantium,Food,Tata,1182.78,814.55,2026-05-12 05:07:42,2026-09-20 21:41:50.784613
Aperiam,Beverages,Tata Tea,1784.87,954.84,2025-06-02 04:08:06,2026-09-20 21:41:50.784655
Saepe,Personal Care,Tata,1514.21,897.67,2026-01-28 11:03:59,2026-09-20 21:41:50.784698
Quis,Personal Care,Tata Tea,718.18,469.88,2026-04-20 06:04:38,2026-09-20 21:41:50.784741
Culpa,Personal Care,Tata,1683.39,1152.1,2025-02-23 22:57:23,2026-09-20 21:41:50.784783
Dicta,Food,Himalaya,1751.28,1081.82,2025-03-05 21:54:35,2026-09-20 21:41:50.784826
Inventore,Beverages,Tata Tea,78.39,60.55,2025-05-17 17:05:22,2026-09-20 21:41:50.784868
Iure,Food,Himalaya,281.39,162.35,2026-05-23 13:49:18,2026-09-20 21:41:50.784910
Laborum,Beverages,ITC,1586.73,1195.12,2024-11-22 10:01:47,2026-09-20 21:41:50.784953
Exercitationem,Grocery,Tata Tea,1429.06,840.87,2025-03-02 21:18:07,2026-09-20 21:41:50.784995
Sunt,Home Care,Nestle,1346.77,1065.81,2025-04-09 14:02:25,2026-09-20 21:41:50.785038
Velit,Personal Care,Himalaya,529.49,387.52,2026-05-27 22:18:06,2026-09-20 21:41:50.785080
Ipsa,Personal Care,Nestle,1949.19,1445.09,2026-03-12 13:11:37,2026-09-20 21:41:50.785122
Suscipit,Grocery,Tata Tea,1994.2,1410.82,2026-01-10 14:24:17,2026-09-20 21:41:50.785165
Consectetur,Personal Care,Nestle,70.65,39.34,2025-02-06 13:07:53,2026-09-20 21:41:50.785207
Eveniet,Home Care,Nestle,355.14,230.87,2025-12-16 20:54:03,2026-09-20 21:41:50.785250
Dolores,Beverages,Nestle,212.54,154.0,2026-06-22 11:18:11,2026-09-20 21:41:50.785302
Exercitationem,Grocery,Nestle,939.32,718.11,2026-05-30 14:58:14,2026-09-20 21:41:50.785349
Facere,Food,Nestle,1602.67,994.76,2025-10-03 21:47:07,2026-09-20 21:41:50.785385
Sint,Beverages,Tata,310.32,167.57,2025-07-06 09:08:08,2026-09-20 21:41:50.785419
Commodi,Food,Nestle,92.66,53.64,2025-01-27 14:55:45,2026-09-20 21:41:50.785452
Iste,Beverages,ITC,1573.26,1125.9,2025-05-27 09:18:50,2026-09-20 21:41:50.785485
Nisi,Food,Tata,1912.77,1214.8,2025-07-08 09:19:56,2026-09-20 21:41:50.785518
Est,Personal Care,Himalaya,972.01,775.17,2025-08-26 23:37:45,2026-09-20 21:41:50.785552
Accusamus,Food,Tata,589.92,405.81,2026-01-20 14:55:24,2026-09-20 21:41:50.785585
Modi,Home Care,Tata,1278.37,833.46,2026-01-07 06:30:44,2026-09-20 21:41:50.785617
Laudantium,Beverages,Tata Tea,1097.93,644.19,2026-07-09 19:29:08,2026-09-20 21:41:50.785650
Ipsum,Beverages,Tata,988.13,719.37,2025-11-16 21:34:40,2026-09-20 21:41:50.785682
Fuga,Beverages,Britannia,820.71,535.76,2026-05-22 14:24:40,2026-09-20 21:41:50.785715
Tenetur,Home Care,Tata Tea,1787.95,1331.89,2026-08-13 05:56:20,2026-09-20 21:41:50.785748
Expedita,Food,ITC,707.4,357.52,2025-03-11 21:27:59,2026-09-20 21:41:50.785781
Consequatur,Personal Care,Tata Tea,1398.23,1053.09,2026-05-31 18:50:18,2026-09-20 21:41:50.785814
Maiores,Home Care,Tata,609.49,327.95,2025-05-10 21:36:11,2026-09-20 21:41:50.785847
Accusamus,Grocery,ITC,1256.19,901.71,2026-09-17 15:23:34,2026-09-20 21:41:50.785880
Fuga,Beverages,Britannia,60.01,33.92,2025-11-07 04:32:16,2026-09-20 21:41:50.785912
Sunt,Beverages,Britannia,1935.84,1462.57,2025-08-14 20:43:51,2026-09-20 21:41:50.785947
Molestias,Grocery,Tata,1359.32,690.97,2024-11-28 05:42:36,2026-09-20 21:41:50.786021
Dolorum,Grocery,Tata,42.27,21.22,2025-11-14 02:12:19,2026-09-20 21:41:50.786068
Necessitatibus,Home Care,Tata Tea,1293.11,945.85,2026-09-17 15:56:59,2026-09-20 21:41:50.786112
Amet,Beverages,Himalaya,813.33,414.97,2025-11-09 17:38:00,2026-09-20 21:41:50.786165
Vel,Beverages,ITC,1713.46,1294.82,2026-08-15 04:25:34,2026-09-20 21:41:50.786208
Cumque,Grocery,Himalaya,409.2,251.98,2026-09-15 16:53:16,2026-09-20 21:41:50.786251
Itaque,Food,Tata Tea,1560.6,1242.13,2025-09-19 22:20:30,2026-09-20 21:41:50.786295
Nostrum,Food,ITC,1259.67,993.24,2026-05-01 06:22:51,2026-09-20 21:41:50.786342
Dolorem,Grocery,Britannia,1996.58,1423.41,2026-04-13 10:30:02,2026-09-20 21:41:50.786380
Totam,Beverages,Britannia,330.88,225.57,2024-12-04 02:45:36,2026-09-20 21:41:50.786415
Optio,Personal Care,Tata,78.33,62.3,2026-07-30 03:34:50,2026-09-20 21:41:50.786469
Tempore,Food,Britannia,824.58,481.04,2025-11-12 21:26:34,2026-09-20 21:41:50.786535
Quia,Home Care,Tata Tea,298.1,161.56,2026-08-19 07:01:01,2026-09-20 21:41:50.786581
Voluptatibus,Home Care,Tata Tea,1459.06,884.1,2025-12-29 14:33:58,2026-09-20 21:41:50.786624
Veniam,Grocery,Tata,415.49,285.49,2026-01-28 00:37:00,2026-09-20 21:41:50.786668
Animi,Food,Britannia,1137.05,703.07,2026-03-14 11:23:37,2026-09-20 21:41:50.786711
Excepturi,Home Care,Himalaya,1943.0,1040.66,2025-10-16 04:40:28,2026-09-20 21:41:50.786754
Porro,Food,Britannia,355.19,221.51,2024-10-25 00:46:37,2026-09-20 21:41:50.786797
Cupiditate,Food,Britannia,342.44,259.45,2024-10-01 16:31:04,2026-09-20 21:41:50.786840
Ab,Home Care,Britannia,636.38,405.17,2024-10-31 10:41:28,2026-09-20 21:41:50.786883
Tempora,Personal Care,Tata Tea,526.57,267.63,2024-10-26 03:27:06,2026-09-20 21:41:50.786926
Commodi,Home Care,Tata Tea,1901.04,1117.75,2025-04-14 00:17:28,2026-09-20 21:41:50.786968
Ipsum,Food,Nestle,1076.94,584.72,2025-11-01 03:01:59,2026-09-20 21:41:50.787011
Cupiditate,Beverages,Britannia,1422.21,862.34,2024-10-24 09:15:33,2026-09-20 21:41:50.787054
Dolorem,Beverages,Tata,584.68,299.03,2024-11-02 10:28:40,2026-09-20 21:41:50.787100
Labore,Grocery,Tata,474.18,335.54,2026-03-27 06:44:32,2026-09-20 21:41:50.787142
Ut,Grocery,Britannia,1648.21,974.28,2025-05-04 19:05:47,2026-09-20 21:41:50.787185
Saepe,Personal Care,ITC,1094.13,735.24,2025-07-21 16:47:42,2026-09-20 21:41:50.787228
Corrupti,Food,Britannia,1895.71,997.32,2026-04-17 13:59:17,2026-09-20 21:41:50.787272
Iure,Home Care,Britannia,1369.19,837.47,2025-06-23 11:30:18,2026-09-20 21:41:50.787316
Deserunt,Beverages,Tata,330.14,253.74,2026-06-18 08:40:48,2026-09-20 21:41:50.787360
Dolorum,Food,Nestle,1778.47,923.12,2024-10-25 18:54:58,2026-09-20 21:41:50.787404
Recusandae,Beverages,Himalaya,509.55,383.11,2025-10-18 11:39:40,2026-09-20 21:41:50.787446
Voluptatem,Food,Nestle,1237.49,921.43,2025-03-08 20:31:47,2026-09-20 21:41:50.787497
Saepe,Beverages,ITC,1520.47,977.93,2026-05-08 04:51:00,2026-09-20 21:41:50.787542
Eos,Grocery,Nestle,1366.41,971.47,2026-02-08 17:56:26,2026-09-20 21:41:50.787585
Temporibus,Home Care,Britannia,667.42,428.16,2025-04-09 22:20:36,2026-09-20 21:41:50.787628
Odio,Personal Care,ITC,192.04,102.14,2024-10-25 02:04:38,2026-09-20 21:41:50.787671
Autem,Beverages,Britannia,88.28,69.19,2025-05-15 16:36:01,2026-09-20 21:41:50.787713
Cumque,Food,Tata Tea,206.54,144.89,2026-05-17 17:32:59,2026-09-20 21:41:50.787755
Repudiandae,Home Care,Tata,424.77,319.48,2025-07-19 23:06:54,2026-09-20 21:41:50.787798
Repellendus,Personal Care,Tata,1222.29,975.69,2026-04-04 18:22:54,2026-09-20 21:41:50.787841
Corporis,Grocery,Nestle,589.07,422.5,2025-12-17 04:41:19,2026-09-20 21:41:50.787884
Corporis,Beverages,Tata Tea,1388.71,862.53,2024-09-30 16:30:30,2026-09-20 21:41:50.787927
Dicta,Home Care,Himalaya,1939.0,1494.85,2025-08-23 06:27:14,2026-09-20 21:41:50.787969
Iure,Personal Care,Britannia,721.63,570.47,2025-05-28 19:39:51,2026-09-20 21:41:50.788012
Atque,Beverages,ITC,406.18,227.25,2026-02-14 08:15:50,2026-09-20 21:41:50.788055
Eum,Food,Tata Tea,118.17,63.13,2025-11-28 17:24:27,2026-09-20 21:41:50.788098
In,Grocery,Britannia,1945.48,1213.99,2024-10-03 17:58:02,2026-09-20 21:41:50.788140
Id,Home Care,Tata,255.38,163.8,2025-10-14 06:54:47,2026-09-20 21:41:50.788182
Ipsa,Grocery,Himalaya,660.76,380.99,2026-07-08 16:21:06,2026-09-20 21:41:50.788225
Rerum,Personal Care,Tata Tea,965.52,727.24,2024-10-16 03:26:01,2026-09-20 21:41:50.788267
Blanditiis,Beverages,Himalaya,51.81,35.19,2024-12-14 11:50:08,2026-09-20 21:41:50.788310
Corrupti,Personal Care,Britannia,1401.63,782.27,2025-03-25 13:54:02,2026-09-20 21:41:50.788353
Hic,Beverages,Tata Tea,367.14,233.58,2026-02-01 18:01:58,2026-09-20 21:41:50.788395
Voluptatem,Food,Britannia,1828.08,1453.3,2025-06-24 08:41:19,2026-09-20 21:41:50.788437
Aliquam,Home Care,Tata,642.58,410.74,2026-06-02 15:17:42,2026-09-20 21:41:50.788479
Mollitia,Home Care,Tata Tea,1022.98,632.11,2024-10-05 09:01:11,2026-09-20 21:41:50.788522
Ea,Home Care,Tata,363.3,263.11,2026-03-22 14:03:13,2026-09-20 21:41:50.788565
Quibusdam,Grocery,Britannia,676.43,378.57,2024-09-20 22:31:18,2026-09-20 21:41:50.788607
Cum,Beverages,ITC,832.14,558.89,2026-06-09 01:21:50,2026-09-20 21:41:50.788650
Ab,Food,ITC,624.01,430.85,2024-11-07 05:30:06,2026-09-20 21:41:50.788692
Culpa,Beverages,Tata,33.91,26.0,2026-04-02 04:43:35,2026-09-20 21:41:50.788735
Minima,Food,ITC,1884.01,1438.49,2026-06-15 04:16:01,2026-09-20 21:41:50.788777
Voluptatem,Home Care,Tata,775.97,502.75,2024-12-28 05:45:54,2026-09-20 21:41:50.788819
Earum,Food,Tata Tea,1435.48,930.27,2026-01-07 14:26:02,2026-09-20 21:41:50.788861
Consectetur,Home Care,Tata,1011.94,711.04,2026-04-02 00:32:50,2026-09-20 21:41:50.788904
Recusandae,Personal Care,Tata,1195.61,892.77,2024-11-29 11:55:58,2026-09-20 21:41:50.788947
Occaecati,Grocery,Himalaya,1589.9,836.94,2026-02-20 08:07:06,2026-09-20 21:41:50.788989
Cum,Personal Care,Nestle,618.15,376.66,2026-04-17 05:44:17,2026-09-20 21:41:50.789032
Architecto,Beverages,Himalaya,111.76,56.87,2025-04-07 13:58:23,2026-09-20 21:41:50.789074
Distinctio,Grocery,Himalaya,1075.12,796.95,2026-05-04 05:29:15,2026-09-20 21:41:50.789117
Quod,Personal Care,ITC,435.33,265.38,2025-08-08 08:24:33,2026-09-20 21:41:50.789159
Commodi,Home Care,Tata,1546.29,1228.45,2026-01-02 02:34:49,2026-09-20 21:41:50.789201
Eveniet,Beverages,Tata,927.22,610.76,2025-02-06 14:52:45,2026-09-20 21:41:50.789244
Beatae,Personal Care,Britannia,233.76,177.38,2025-09-23 15:51:25,2026-09-20 21:41:50.789286
Asperiores,Grocery,ITC,1952.34,1232.81,2025-07-19 00:53:09,2026-09-20 21:41:50.789328
Quibusdam,Home Care,ITC,1106.87,700.96,2026-05-01 12:55:16,2026-09-20 21:41:50.789374
Omnis,Food,Nestle,255.25,135.5,2025-02-14 18:19:55,2026-09-20 21:41:50.789417
Iste,Beverages,ITC,528.84,270.56,2025-05-29 06:41:49,2026-09-20 21:41:50.789458
Id,Food,Tata,552.05,285.93,2025-09-30 07:33:56,2026-09-20 21:41:50.789492
Quasi,Grocery,Nestle,489.57,362.19,2026-05-12 18:42:09,2026-09-20 21:41:50.789525
Dolorum,Beverages,Tata,1030.53,783.05,2025-12-10 03:06:45,2026-09-20 21:41:50.789559
Magni,Grocery,Tata,1976.28,1564.72,2026-03-30 14:30:34,2026-09-20 21:41:50.789592
Accusamus,Beverages,Britannia,790.54,619.04,2026-05-07 12:41:03,2026-09-20 21:41:50.789625
Repellat,Personal Care,Himalaya,1814.87,1171.51,2026-09-11 20:53:01,2026-09-20 21:41:50.789659
Dolorem,Food,ITC,1457.95,1054.45,2026-03-26 19:52:07,2026-09-20 21:41:50.789692
Dolores,Food,Himalaya,333.7,250.9,2025-02-03 19:04:09,2026-09-20 21:41:50.789724
Maiores,Personal Care,Himalaya,1169.57,848.68,2025-11-02 23:56:28,2026-09-20 21:41:50.789759
Temporibus,Beverages,Nestle,607.14,413.79,2025-08-24 11:38:12,2026-09-20 21:41:50.789792
Corporis,Grocery,ITC,1889.81,1331.03,2025-08-29 19:29:48,2026-09-20 21:41:50.789824
Corrupti,Beverages,Nestle,1911.94,1366.04,2026-04-28 21:30:59,2026-09-20 21:41:50.789856
Temporibus,Personal Care,Britannia,1993.77,1328.4,2025-05-13 17:12:56,2026-09-20 21:41:50.789889
Ipsum,Beverages,ITC,139.56,91.71,2026-02-19 10:30:17,2026-09-20 21:41:50.789921
Ad,Food,Tata,1654.06,867.18,2025-12-02 17:47:31,2026-09-20 21:41:50.789967
Rerum,Personal Care,Nestle,1715.56,1241.56,2026-04-22 00:11:25,2026-09-20 21:41:50.790035
Doloremque,Personal Care,Tata,253.35,199.69,2025-05-31 19:30:04,2026-09-20 21:41:50.790080
Sit,Beverages,Tata,1932.39,1258.42,2025-05-31 14:28:06,2026-09-20 21:41:50.790123
Cupiditate,Beverages,ITC,1006.71,685.67,2026-09-18 08:53:47,2026-09-20 21:41:50.790166
Nulla,Food,Himalaya,779.61,620.86,2025-01-04 13:16:53,2026-09-20 21:41:50.790209
Error,Beverages,Britannia,1749.28,1390.34,2025-10-17 07:49:06,2026-09-20 21:41:50.790252
Aliquid,Beverages,Himalaya,779.94,439.1,2026-04-14 06:56:21,2026-09-20 21:41:50.790295
Veniam,Grocery,Britannia,110.68,57.7,2025-11-12 09:17:14,2026-09-20 21:41:50.790338
Adipisci,Grocery,Tata,693.23,487.02,2026-08-25 10:12:44,2026-09-20 21:41:50.790381
Reiciendis,Grocery,Himalaya,563.83,298.92,2026-07-16 17:37:26,2026-09-20 21:41:50.790428
Aliquam,Food,ITC,1819.08,1073.44,2026-06-11 12:23:08,2026-09-20 21:41:50.790467
Ea,Personal Care,Nestle,605.36,319.01,2026-04-26 06:18:04,2026-09-20 21:41:50.790531
Dolorem,Home Care,ITC,293.59,207.33,2026-07-18 02:54:36,2026-09-20 21:41:50.790576
Deleniti,Grocery,Britannia,1506.38,833.12,2026-08-01 17:41:59,2026-09-20 21:41:50.790619
Provident,Beverages,Tata,1761.64,1398.74,2025-05-27 03:22:20,2026-09-20 21:41:50.790662
Itaque,Home Care,Tata,1072.62,649.68,2025-01-16 06:03:07,2026-09-20 21:41:50.790704
Totam,Grocery,Tata,1238.46,967.33,2025-05-14 19:31:20,2026-09-20 21:41:50.790746
Aut,Home Care,Britannia,1730.51,1150.2,2025-10-04 19:31:43,2026-09-20 21:41:50.790788
Quos,Beverages,ITC,1177.89,617.35,2024-11-30 17:33:06,2026-09-20 21:41:50.790830
Voluptatum,Grocery,Britannia,923.6,722.58,2025-02-12 04:53:56,2026-09-20 21:41:50.790873
Eum,Grocery,Tata,861.03,646.56,2025-04-03 05:25:51,2026-09-20 21:41:50.790916
Neque,Personal Care,Tata Tea,766.2,399.45,2024-09-28 03:38:35,2026-09-20 21:41:50.790958
Totam,Food,Himalaya,299.23,184.39,2025-11-08 11:57:26,2026-09-20 21:41:50.791000
Sunt,Grocery,ITC,753.76,428.57,2025-11-07 23:34:15,2026-09-20 21:41:50.791043
Alias,Grocery,ITC,665.83,479.58,2024-12-28 04:36:52,2026-09-20 21:41:50.791085
Facilis,Personal Care,Tata,1380.85,1014.42,2025-06-24 20:07:18,2026-09-20 21:41:50.791128
Dolores,Beverages,Tata,1400.07,787.22,2026-01-28 16:26:35,2026-09-20 21:41:50.791170
Impedit,Grocery,Britannia,702.01,417.73,2026-04-09 04:28:22,2026-09-20 21:41:50.791212
Accusamus,Food,Himalaya,1210.61,630.83,2025-07-24 23:16:30,2026-09-20 21:41:50.791255
Odit,Home Care,Tata,1792.21,1082.08,2026-05-10 23:19:47,2026-09-20 21:41:50.791298
Laboriosam,Grocery,Tata Tea,1284.18,735.09,2026-09-02 14:05:09,2026-09-20 21:41:50.791341
Laborum,Food,Tata Tea,333.58,182.08,2026-06-09 05:56:04,2026-09-20 21:41:50.791383
Accusantium,Food,Britannia,390.36,224.18,2025-02-25 02:29:34,2026-09-20 21:41:50.791426
Modi,Food,ITC,492.7,380.99,2026-07-01 05:37:22,2026-09-20 21:41:50.791468
Nihil,Home Care,Tata Tea,1019.54,733.72,2025-06-27 05:21:05,2026-09-20 21:41:50.791519
Inventore,Grocery,Himalaya,918.37,505.53,2024-12-08 07:20:18,2026-09-20 21:41:50.791563
Tempora,Home Care,Nestle,962.63,576.26,2024-11-02 20:55:33,2026-09-20 21:41:50.791605
Cupiditate,Home Care,Nestle,1714.06,1078.26,2026-06-05 09:30:44,2026-09-20 21:41:50.791647
Assumenda,Grocery,Himalaya,1951.18,1275.76,2026-09-15 09:03:45,2026-09-20 21:41:50.791690
Molestiae,Beverages,Tata,814.19,547.03,2025-02-04 06:06:43,2026-09-20 21:41:50.791734
Inventore,Food,Tata,1237.74,979.78,2024-12-11 08:43:34,2026-09-20 21:41:50.791778
Voluptatem,Home Care,Britannia,495.44,367.94,2025-06-04 05:14:24,2026-09-20 21:41:50.791821
Dicta,Food,Nestle,1134.83,847.24,2026-02-23 01:59:04,2026-09-20 21:41:50.791864
Sint,Personal Care,Nestle,800.2,482.58,2026-07-26 04:27:08,2026-09-20 21:41:50.791906
Rerum,Personal Care,Tata,743.17,489.97,2026-09-17 17:00:06,2026-09-20 21:41:50.791949
Consectetur,Personal Care,Himalaya,1311.27,715.4,2025-07-05 14:48:20,2026-09-20 21:41:50.791992
Doloribus,Food,Nestle,310.54,201.08,2024-12-05 18:40:24,2026-09-20 21:41:50.792035
Reprehenderit,Personal Care,Nestle,660.34,376.54,2026-02-14 18:58:52,2026-09-20 21:41:50.792078
Eveniet,Beverages,Tata Tea,624.26,321.76,2025-03-07 05:01:03,2026-09-20 21:41:50.792120
Voluptatibus,Home Care,Tata Tea,92.15,70.16,2026-03-03 11:29:55,2026-09-20 21:41:50.792163
Quas,Home Care,Himalaya,872.66,496.28,2025-10-01 13:36:02,2026-09-20 21:41:50.792206
Laudantium,Home Care,Himalaya,1898.97,1330.59,2025-09-22 14:47:52,2026-09-20 21:41:50.792248
Nihil,Home Care,Nestle,522.87,295.81,2026-03-23 10:29:51,2026-09-20 21:41:50.792293
Aperiam,Grocery,Nestle,491.63,291.3,2025-10-25 18:45:12,2026-09-20 21:41:50.792336
Neque,Grocery,Tata,1588.86,1045.48,2026-05-05 05:03:02,2026-09-20 21:41:50.792378
Occaecati,Home Care,Himalaya,1342.07,966.24,2025-09-09 00:11:15,2026-09-20 21:41:50.792422
Earum,Home Care,Tata,1120.82,735.41,2025-08-17 14:57:08,2026-09-20 21:41:50.792464
Quas,Grocery,Nestle,1736.37,1030.19,2025-03-03 15:26:16,2026-09-20 21:41:50.792509
Ut,Food,Britannia,1061.03,543.58,2024-10-24 14:10:33,2026-09-20 21:41:50.792552
Voluptates,Beverages,ITC,1373.83,1047.78,2025-01-09 22:24:27,2026-09-20 21:41:50.792601
Facere,Home Care,Tata Tea,1565.97,847.61,2025-02-16 14:34:23,2026-09-20 21:41:50.792644
Ratione,Grocery,Tata,696.69,373.63,2026-04-15 17:48:27,2026-09-20 21:41:50.792686
At,Food,Nestle,1645.1,1050.01,2026-02-05 13:49:46,2026-09-20 21:41:50.792729
Consectetur,Home Care,Britannia,1041.25,740.51,2026-05-20 05:44:36,2026-09-20 21:41:50.792773
Eos,Home Care,Tata Tea,1299.02,893.36,2025-04-17 13:06:56,2026-09-20 21:41:50.792816
Inventore,Beverages,ITC,1563.37,1000.62,2026-03-12 14:33:36,2026-09-20 21:41:50.792859
Recusandae,Food,Tata,1432.95,809.89,2026-06-15 02:27:41,2026-09-20 21:41:50.792902
Non,Grocery,Tata Tea,1141.73,658.27,2025-12-01 17:10:12,2026-09-20 21:41:50.792944
Rerum,Beverages,Tata,1785.98,1231.05,2026-07-13 11:56:13,2026-09-20 21:41:50.792986
Eveniet,Beverages,Himalaya,978.77,776.67,2025-01-18 00:09:41,2026-09-20 21:41:50.793029
Odit,Personal Care,ITC,377.64,195.41,2025-11-16 11:34:35,2026-09-20 21:41:50.793071
Laboriosam,Personal Care,Britannia,374.43,213.0,2024-09-25 20:55:49,2026-09-20 21:41:50.793113
Sed,Food,Tata Tea,1549.83,1196.56,2024-09-26 22:55:46,2026-09-20 21:41:50.793157
Laboriosam,Home Care,Himalaya,1422.15,829.86,2025-05-25 17:11:05,2026-09-20 21:41:50.793200
Omnis,Beverages,Tata,1050.0,643.71,2024-12-29 19:43:21,2026-09-20 21:41:50.793243
Esse,Grocery,Tata,415.18,267.47,2026-03-06 02:13:31,2026-09-20 21:41:50.793285
Quisquam,Personal Care,Tata Tea,321.29,234.81,2025-05-31 05:40:45,2026-09-20 21:41:50.793327
Excepturi,Food,Tata Tea,1967.07,1189.91,2026-02-04 08:39:48,2026-09-20 21:41:50.793369
Qui,Home Care,ITC,1654.8,873.06,2026-04-07 20:08:13,2026-09-20 21:41:50.793412
Enim,Personal Care,ITC,1895.38,1430.46,2026-07-28 12:04:40,2026-09-20 21:41:50.793454
Similique,Beverages,Nestle,846.18,651.44,2025-05-04 05:09:21,2026-09-20 21:41:50.793497
Voluptate,Home Care,Tata,645.06,500.15,2026-06-27 03:43:30,2026-09-20 21:41:50.793540
Et,Beverages,Himalaya,1069.14,695.81,2026-08-01 23:41:47,2026-09-20 21:41:50.793582
Voluptas,Beverages,Himalaya,60.21,47.75,2024-10-16 12:40:14,2026-09-20 21:41:50.793625
Nemo,Home Care,Tata Tea,1172.15,828.08,2026-08-27 09:31:13,2026-09-20 21:41:50.793667
Alias,Grocery,Britannia,1923.98,1008.75,2026-08-18 16:32:18,2026-09-20 21:41:50.793709
Qui,Food,Tata Tea,1128.92,645.7,2025-12-25 08:27:11,2026-09-20 21:41:50.793752
Iste,Personal Care,Himalaya,1247.74,812.48,2024-10-17 05:25:30,2026-09-20 21:41:50.793794
Optio,Personal Care,Tata,258.33,149.92,2025-05-30 23:39:53,2026-09-20 21:41:50.793836
Deserunt,Beverages,Tata,370.78,268.49,2025-02-24 02:39:24,2026-09-20 21:41:50.793878
Sint,Food,Tata Tea,1328.25,1056.85,2025-05-08 10:05:37,2026-09-20 21:41:50.793921
Commodi,Beverages,Britannia,626.61,371.43,2025-09-02 14:58:56,2026-09-20 21:41:50.793963
Quae,Beverages,Nestle,1708.82,1263.35,2026-06-11 07:32:15,2026-09-20 21:41:50.794008
Assumenda,Beverages,ITC,864.82,688.33,2026-07-30 06:36:04,2026-09-20 21:41:50.794044
Non,Food,Himalaya,539.4,323.62,2026-02-02 02:51:41,2026-09-20 21:41:50.794078
Nihil,Food,Britannia,709.53,552.96,2025-07-31 10:28:27,2026-09-20 21:41:50.794111
Rerum,Food,Britannia,504.99,311.52,2026-07-25 11:09:03,2026-09-20 21:41:50.794143
Ipsam,Grocery,Nestle,1169.99,720.64,2026-07-12 20:11:36,2026-09-20 21:41:50.794176
Repellat,Grocery,Nestle,687.94,512.95,2024-11-11 03:13:03,2026-09-20 21:41:50.794209
Neque,Personal Care,ITC,1769.31,978.67,2025-11-07 02:58:59,2026-09-20 21:41:50.794242
Officia,Personal Care,ITC,1441.08,896.47,2026-09-03 18:52:09,2026-09-20 21:41:50.794275
Error,Food,Himalaya,24.93,18.09,2026-09-10 12:10:08,2026-09-20 21:41:50.794308
Eaque,Grocery,Tata,903.05,701.54,2025-01-05 21:58:09,2026-09-20 21:41:50.794341
Nulla,Home Care,ITC,38.73,28.09,2025-03-19 14:38:00,2026-09-20 21:41:50.794374
Ex,Food,ITC,375.37,262.48,2026-07-17 07:39:47,2026-09-20 21:41:50.794407
Minima,Food,Himalaya,1890.93,1002.35,2025-09-16 21:06:47,2026-09-20 21:41:50.794439
Harum,Personal Care,Nestle,1331.1,1001.52,2026-01-14 00:01:11,2026-09-20 21:41:50.794473
Eius,Food,Tata Tea,98.55,74.57,2026-09-16 23:26:58,2026-09-20 21:41:50.794506
Maxime,Personal Care,Himalaya,174.94,91.26,2026-06-13 23:01:21,2026-09-20 21:41:50.794539
Molestias,Personal Care,Tata,1175.73,594.76,2025-08-09 12:45:50,2026-09-20 21:41:50.794572
Aliquam,Food,ITC,943.29,644.25,2025-01-22 18:39:06,2026-09-20 21:41:50.794605
Accusamus,Grocery,Himalaya,47.83,25.97,2024-11-29 02:56:39,2026-09-20 21:41:50.794638
Blanditiis,Beverages,Himalaya,1015.7,616.26,2024-11-25 09:00:12,2026-09-20 21:41:50.794671
Vel,Grocery,Himalaya,1494.37,863.13,2025-09-13 05:17:46,2026-09-20 21:41:50.794703
Harum,Home Care,Britannia,529.61,420.82,2025-07-31 06:09:57,2026-09-20 21:41:50.794735
Numquam,Grocery,ITC,1592.28,1246.79,2025-09-06 15:11:00,2026-09-20 21:41:50.794767
Nesciunt,Food,Tata,1105.76,567.61,2025-06-10 06:45:28,2026-09-20 21:41:50.794800
Placeat,Personal Care,Himalaya,1984.58,1004.51,2025-06-11 08:12:40,2026-09-20 21:41:50.794833
Deleniti,Personal Care,Nestle,1745.06,1123.3,2025-07-03 16:11:51,2026-09-20 21:41:50.794865
Occaecati,Beverages,Nestle,584.07,347.76,2025-06-08 13:55:41,2026-09-20 21:41:50.794897
Unde,Grocery,Britannia,1834.55,1143.6,2025-02-07 09:27:53,2026-09-20 21:41:50.794930
Adipisci,Home Care,Britannia,1333.02,686.53,2025-07-20 03:36:48,2026-09-20 21:41:50.794965
Rerum,Personal Care,Tata Tea,565.16,441.69,2025-04-25 14:20:11,2026-09-20 21:41:50.795001
Repudiandae,Beverages,Britannia,1550.18,1059.74,2026-07-25 23:08:04,2026-09-20 21:41:50.795035
Aperiam,Beverages,Tata Tea,595.03,444.48,2026-07-08 01:30:27,2026-09-20 21:41:50.795068
Harum,Beverages,Tata,61.06,42.23,2025-02-16 21:59:28,2026-09-20 21:41:50.795100
Odit,Home Care,ITC,818.69,626.3,2026-09-16 02:14:36,2026-09-20 21:41:50.795133
Consectetur,Beverages,Tata,1399.33,781.13,2024-10-28 01:21:53,2026-09-20 21:41:50.795166
Fugiat,Beverages,ITC,705.62,369.07,2026-03-24 04:30:32,2026-09-20 21:41:50.795199
Dignissimos,Personal Care,Nestle,1453.56,761.17,2026-08-08 10:16:39,2026-09-20 21:41:50.795231
Voluptatibus,Food,Himalaya,1132.25,676.97,2025-02-15 03:01:56,2026-09-20 21:41:50.795263
Eligendi,Grocery,Britannia,92.02,64.35,2024-11-09 05:08:14,2026-09-20 21:41:50.795295
Unde,Grocery,Tata,1496.24,808.4,2025-04-09 05:24:14,2026-09-20 21:41:50.795327
Iusto,Food,Nestle,1321.62,989.38,2024-10-21 15:10:16,2026-09-20 21:41:50.795359
Nisi,Personal Care,Nestle,1874.23,1059.65,2025-11-26 09:44:48,2026-09-20 21:41:50.795391
Sit,Beverages,Tata,1773.17,1084.45,2026-02-25 09:48:59,2026-09-20 21:41:50.795423
Eveniet,Home Care,Tata Tea,923.93,702.01,2025-05-17 01:00:52,2026-09-20 21:41:50.795455
Quaerat,Food,Tata Tea,693.25,509.28,2025-12-08 14:52:38,2026-09-20 21:41:50.795487
Aliquid,Food,Tata Tea,1809.14,1438.62,2025-03-26 14:52:20,2026-09-20 21:41:50.795523
Aliquam,Personal Care,Tata Tea,1641.22,1077.76,2025-02-28 23:08:17,2026-09-20 21:41:50.795556
Voluptatum,Food,Tata Tea,1285.25,667.29,2025-05-17 08:34:08,2026-09-20 21:41:50.795588
Error,Personal Care,Nestle,1700.64,1287.07,2026-05-06 18:45:13,2026-09-20 21:41:50.795620
Blanditiis,Grocery,Britannia,646.54,486.78,2026-02-16 22:15:28,2026-09-20 21:41:50.795652
Veritatis,Food,Nestle,321.11,213.68,2025-04-07 10:33:05,2026-09-20 21:41:50.795684
Consequuntur,Home Care,Himalaya,1604.99,1204.03,2026-02-01 10:25:52,2026-09-20 21:41:50.795716
Non,Beverages,Britannia,1500.73,1092.87,2025-11-30 07:51:47,2026-09-20 21:41:50.795749
Nam,Beverages,Britannia,1465.94,861.11,2024-12-15 10:16:52,2026-09-20 21:41:50.795781
Quidem,Grocery,Britannia,659.46,385.54,2025-05-27 14:07:56,2026-09-20 21:41:50.795813
Sunt,Grocery,Britannia,959.3,733.67,2025-03-08 19:14:57,2026-09-20 21:41:50.795845
Totam,Personal Care,Britannia,1569.39,1131.04,2025-11-03 16:42:53,2026-09-20 21:41:50.795877
Voluptas,Personal Care,Tata Tea,1365.14,761.84,2026-03-23 16:47:34,2026-09-20 21:41:50.795910
Cupiditate,Home Care,Tata,1905.23,971.19,2026-06-10 01:03:36,2026-09-20 21:41:50.795942
Quos,Home Care,Tata Tea,1916.12,1525.04,2026-08-07 02:44:31,2026-09-20 21:41:50.795974
Nihil,Personal Care,Tata,209.69,141.14,2026-01-06 12:26:52,2026-09-20 21:41:50.796006
Ullam,Personal Care,Tata Tea,1421.27,839.1,2025-03-15 15:03:04,2026-09-20 21:41:50.796038
Accusantium,Home Care,Britannia,1762.25,1392.27,2025-01-21 01:27:51,2026-09-20 21:41:50.796070
Iure,Home Care,Nestle,1373.38,881.64,2026-04-10 16:28:54,2026-09-20 21:41:50.796102
Repellendus,Personal Care,Tata,1305.46,1035.25,2025-10-14 14:34:19,2026-09-20 21:41:50.796134
Eaque,Grocery,ITC,252.98,167.47,2025-08-31 14:10:41,2026-09-20 21:41:50.796166
Exercitationem,Personal Care,Britannia,269.31,166.85,2024-10-05 04:57:09,2026-09-20 21:41:50.796198
Debitis,Grocery,ITC,478.01,331.86,2025-10-31 05:55:18,2026-09-20 21:41:50.796231
Earum,Beverages,ITC,975.01,588.1,2026-03-21 17:43:21,2026-09-20 21:41:50.796264
Magni,Personal Care,Britannia,1904.04,980.78,2025-05-23 06:32:57,2026-09-20 21:41:50.796297
Quis,Home Care,Himalaya,1899.88,1404.22,2026-08-05 15:09:58,2026-09-20 21:41:50.796330
Accusantium,Grocery,Tata,380.96,210.49,2026-06-28 04:54:22,2026-09-20 21:41:50.796362
Tenetur,Food,ITC,428.26,283.83,2026-05-10 02:22:07,2026-09-20 21:41:50.796394
Aliquid,Beverages,Himalaya,194.84,97.78,2026-04-22 05:49:11,2026-09-20 21:41:50.796426
Aperiam,Grocery,Tata Tea,636.85,329.68,2025-07-19 20:47:42,2026-09-20 21:41:50.796459
Quam,Beverages,Himalaya,1611.51,860.83,2026-08-31 10:58:20,2026-09-20 21:41:50.796491
Veritatis,Beverages,Tata,676.07,524.21,2024-11-12 23:50:55,2026-09-20 21:41:50.796527
Beatae,Personal Care,ITC,511.09,342.22,2026-07-28 18:02:28,2026-09-20 21:41:50.796560
Ducimus,Beverages,Britannia,1212.71,901.91,2026-04-17 13:45:54,2026-09-20 21:41:50.796592
Culpa,Personal Care,ITC,1827.66,1319.72,2026-07-10 23:58:45,2026-09-20 21:41:50.796624
Ut,Personal Care,Nestle,1419.34,812.36,2026-07-30 16:39:34,2026-09-20 21:41:50.796660
Optio,Grocery,ITC,1997.36,1325.92,2026-08-06 22:25:32,2026-09-20 21:41:50.796692
Quas,Food,Nestle,220.87,153.24,2025-09-02 13:39:47,2026-09-20 21:41:50.796724
Corporis,Home Care,Nestle,1961.47,1328.3,2024-12-11 20:09:21,2026-09-20 21:41:50.796757
Enim,Food,ITC,274.27,169.6,2025-11-25 00:22:47,2026-09-20 21:41:50.796789
Voluptatum,Personal Care,Tata Tea,1052.66,637.75,2025-11-13 02:38:24,2026-09-20 21:41:50.796820
Eligendi,Food,Nestle,1521.59,902.09,2025-06-17 21:57:11,2026-09-20 21:41:50.796853
Expedita,Personal Care,Britannia,139.84,105.56,2025-01-19 17:27:47,2026-09-20 21:41:50.796885
Adipisci,Grocery,Britannia,1000.73,788.17,2026-08-13 22:14:16,2026-09-20 21:41:50.796917
Minima,Personal Care,Nestle,1659.13,1057.77,2025-02-09 21:24:56,2026-09-20 21:41:50.796949
Velit,Grocery,Himalaya,1323.88,1013.4,2024-09-23 16:08:32,2026-09-20 21:41:50.796981
Iste,Personal Care,Nestle,560.5,437.95,2025-03-20 09:39:02,2026-09-20 21:41:50.797013
Quidem,Personal Care,Nestle,1975.0,1050.45,2026-06-03 13:16:59,2026-09-20 21:41:50.797047
Eum,Home Care,Tata Tea,356.66,213.88,2025-11-05 17:14:48,2026-09-20 21:41:50.797079
Quod,Home Care,Himalaya,1398.2,1001.33,2026-01-12 18:58:11,2026-09-20 21:41:50.797111
Minima,Grocery,Britannia,623.28,370.96,2025-03-08 13:51:23,2026-09-20 21:41:50.797143
Quos,Food,Nestle,1300.94,1031.26,2025-04-16 10:50:16,2026-09-20 21:41:50.797175
Inventore,Grocery,ITC,353.51,249.48,2024-11-04 03:38:30,2026-09-20 21:41:50.797207
Sed,Home Care,ITC,205.48,135.67,2026-01-02 12:47:29,2026-09-20 21:41:50.797240
Nam,Home Care,Nestle,1666.57,1022.57,2026-05-26 20:02:50,2026-09-20 21:41:50.797273
Iste,Food,Himalaya,1626.32,1118.44,2025-03-20 05:19:55,2026-09-20 21:41:50.797305
Quasi,Food,Tata,1719.15,910.06,2024-12-20 19:16:19,2026-09-20 21:41:50.797337
Veritatis,Grocery,Nestle,460.78,279.0,2025-08-13 08:53:01,2026-09-20 21:41:50.797370
Beatae,Food,Britannia,1938.45,1317.09,2026-05-30 10:42:51,2026-09-20 21:41:50.797402
Tenetur,Beverages,Tata,1898.16,1340.99,2026-05-12 02:43:51,2026-09-20 21:41:50.797434
Minus,Food,Nestle,1844.11,1116.28,2025-09-09 01:13:32,2026-09-20 21:41:50.797466
Vero,Personal Care,Nestle,355.65,253.76,2026-05-26 09:47:15,2026-09-20 21:41:50.797498
Mollitia,Beverages,Tata Tea,1013.22,523.67,2025-01-11 00:50:34,2026-09-20 21:41:50.797530
Deserunt,Personal Care,Himalaya,148.27,80.09,2025-06-06 12:28:33,2026-09-20 21:41:50.797566
Rem,Grocery,Himalaya,1397.0,789.69,2026-04-14 14:13:39,2026-09-20 21:41:50.797598
Nostrum,Food,ITC,922.85,467.54,2024-10-05 03:00:54,2026-09-20 21:41:50.797629
Ducimus,Personal Care,Tata Tea,1392.34,1090.44,2025-04-26 16:35:44,2026-09-20 21:41:50.797665
Voluptates,Personal Care,Britannia,535.48,304.79,2025-02-27 10:10:54,2026-09-20 21:41:50.797699
Cupiditate,Grocery,ITC,1217.86,727.09,2026-06-22 09:42:17,2026-09-20 21:41:50.797731
Quo,Grocery,Tata,1081.29,671.73,2026-06-25 11:27:10,2026-09-20 21:41:50.797763
Repellat,Beverages,ITC,1035.71,526.38,2026-06-09 07:26:27,2026-09-20 21:41:50.797795
Sed,Food,Tata,446.98,326.77,2026-09-19 10:59:45,2026-09-20 21:41:50.797827
Rerum,Beverages,Tata Tea,942.61,505.75,2025-07-11 02:39:07,2026-09-20 21:41:50.797858
Corrupti,Home Care,Tata,1603.11,1214.0,2025-03-15 14:33:50,2026-09-20 21:41:50.797891
Veritatis,Home Care,Tata Tea,1169.91,922.27,2025-03-30 05:36:41,2026-09-20 21:41:50.797923
Ipsa,Beverages,Tata Tea,510.0,388.26,2026-05-07 05:31:46,2026-09-20 21:41:50.797956
Reprehenderit,Personal Care,Tata Tea,1062.5,692.15,2025-04-11 04:42:58,2026-09-20 21:41:50.797992
Cum,Beverages,Himalaya,354.78,235.53,2025-09-06 23:50:39,2026-09-20 21:41:50.798029
Labore,Grocery,ITC,351.23,269.54,2024-10-04 13:47:20,2026-09-20 21:41:50.798061
Magni,Personal Care,Tata Tea,117.19,59.49,2025-12-22 08:46:56,2026-09-20 21:41:50.798098
Blanditiis,Grocery,Britannia,387.19,234.1,2024-10-03 02:23:52,2026-09-20 21:41:50.798130
Ipsa,Beverages,Britannia,516.27,330.16,2025-11-27 20:16:01,2026-09-20 21:41:50.798162
Nisi,Grocery,Tata Tea,164.33,104.21,2026-09-06 18:02:38,2026-09-20 21:41:50.798195
Ducimus,Home Care,Britannia,680.05,503.08,2026-06-05 09:00:51,2026-09-20 21:41:50.798226
Nihil,Food,Nestle,1719.69,1146.61,2025-10-27 13:55:33,2026-09-20 21:41:50.798258
Beatae,Home Care,Himalaya,1202.59,899.42,2025-12-30 23:43:40,2026-09-20 21:41:50.798290
Ea,Home Care,Himalaya,362.71,260.26,2026-07-31 14:28:50,2026-09-20 21:41:50.798322
Facilis,Food,Britannia,1546.48,1081.36,2025-01-28 07:06:11,2026-09-20 21:41:50.798354
Possimus,Personal Care,Tata,1613.5,1134.29,2025-11-06 22:52:46,2026-09-20 21:41:50.798387
Consectetur,Beverages,Nestle,1627.06,841.04,2026-09-08 03:24:01,2026-09-20 21:41:50.798420
Sapiente,Personal Care,Tata Tea,74.75,59.28,2025-12-15 09:01:32,2026-09-20 21:41:50.798452
Modi,Food,Britannia,479.75,332.43,2024-12-17 19:26:55,2026-09-20 21:41:50.798484
Ad,Personal Care,Nestle,1881.22,1133.73,2025-12-06 21:07:49,2026-09-20 21:41:50.798516
Dolorum,Home Care,Tata Tea,1310.38,742.98,2026-01-18 18:59:37,2026-09-20 21:41:50.798548
Ab,Beverages,Tata Tea,823.29,596.94,2024-11-21 17:57:25,2026-09-20 21:41:50.798580
Totam,Personal Care,Nestle,162.18,98.72,2025-12-11 15:38:14,2026-09-20 21:41:50.798612
Molestiae,Beverages,Tata,595.84,347.07,2025-11-12 06:07:19,2026-09-20 21:41:50.798644
Alias,Beverages,Himalaya,542.53,382.85,2026-03-03 20:42:20,2026-09-20 21:41:50.798676
Similique,Home Care,Britannia,165.62,82.83,2026-04-18 13:30:43,2026-09-20 21:41:50.798707
Aliquam,Grocery,Tata,1816.89,1162.63,2025-01-31 03:40:46,2026-09-20 21:41:50.798739
Atque,Personal Care,Tata Tea,926.04,633.61,2025-09-19 03:55:17,2026-09-20 21:41:50.798771
Quae,Beverages,ITC,1781.91,1063.49,2025-12-29 18:59:34,2026-09-20 21:41:50.798803
Saepe,Home Care,ITC,1622.21,825.15,2025-05-13 11:32:26,2026-09-20 21:41:50.798835
Nobis,Beverages,Nestle,853.03,648.86,2025-10-06 02:33:40,2026-09-20 21:41:50.798866
Consectetur,Food,ITC,219.25,117.84,2025-08-08 21:44:30,2026-09-20 21:41:50.798898
Veritatis,Home Care,Tata Tea,1976.66,1251.67,2025-09-28 03:49:37,2026-09-20 21:41:50.798931
Eos,Grocery,Tata Tea,262.26,156.21,2026-02-27 10:09:23,2026-09-20 21:41:50.798963
Expedita,Grocery,Tata,1993.54,1518.79,2026-03-22 14:44:40,2026-09-20 21:41:50.799000
Beatae,Food,Nestle,147.08,113.34,2025-10-31 02:51:18,2026-09-20 21:41:50.799032
Deleniti,Food,Britannia,831.66,485.84,2024-11-16 00:06:24,2026-09-20 21:41:50.799065
Labore,Beverages,Tata Tea,1885.2,1476.38,2026-05-08 04:46:39,2026-09-20 21:41:50.799097
Iure,Personal Care,Britannia,182.61,105.88,2025-05-11 19:46:49,2026-09-20 21:41:50.799135
Distinctio,Beverages,Tata,782.27,412.22,2025-06-20 10:56:46,2026-09-20 21:41:50.799168
Voluptate,Beverages,Himalaya,373.77,287.53,2026-07-27 16:42:54,2026-09-20 21:41:50.799201
Doloribus,Grocery,Nestle,751.67,448.1,2025-09-04 07:10:10,2026-09-20 21:41:50.799234
Nulla,Food,Tata,1339.77,717.25,2025-10-13 01:01:03,2026-09-20 21:41:50.799266
Eum,Home Care,ITC,1536.39,1175.11,2025-01-28 21:56:58,2026-09-20 21:41:50.799299
Et,Personal Care,ITC,429.51,304.1,2026-07-09 12:36:02,2026-09-20 21:41:50.799332
Nemo,Grocery,Himalaya,211.9,155.74,2025-06-02 17:58:49,2026-09-20 21:41:50.799364
Quibusdam,Home Care,Himalaya,20.63,13.14,2026-05-25 12:21:36,2026-09-20 21:41:50.799397
Asperiores,Beverages,Nestle,78.09,40.87,2026-09-04 10:58:07,2026-09-20 21:41:50.799429
Quas,Food,Tata,1659.15,1173.13,2026-02-18 09:45:47,2026-09-20 21:41:50.799461
Iure,Food,Britannia,1521.75,906.09,2025-10-29 08:12:39,2026-09-20 21:41:50.799493
Fugit,Food,Britannia,1393.84,838.0,2025-05-26 12:40:01,2026-09-20 21:41:50.799525
Libero,Personal Care,Britannia,587.31,435.32,2024-11-19 19:58:46,2026-09-20 21:41:50.799557
Tempora,Personal Care,Himalaya,1377.72,1034.82,2024-10-29 23:07:14,2026-09-20 21:41:50.799589
Deserunt,Food,Nestle,787.52,425.03,2026-04-26 09:27:07,2026-09-20 21:41:50.799620
Placeat,Food,Tata Tea,1457.89,748.08,2026-02-16 12:25:40,2026-09-20 21:41:50.799653
Dolores,Beverages,Himalaya,184.14,117.65,2026-01-24 23:17:36,2026-09-20 21:41:50.799685
Nemo,Personal Care,Tata Tea,1488.06,1186.36,2025-01-28 00:27:01,2026-09-20 21:41:50.799717
Reprehenderit,Grocery,Nestle,1117.22,596.06,2025-04-03 01:20:38,2026-09-20 21:41:50.799749
Laudantium,Food,Nestle,1762.31,1147.67,2024-12-21 16:55:58,2026-09-20 21:41:50.799781
